city,quarter,hpi_assessment,composite_price_rs_sqft,price_le_60sqm_rs_sqft,price_60_110sqm_rs_sqft,price_gt_110sqm_rs_sqft,source,source_url,series,access_period
Ahmedabad,Dec 2025,105.07,7761,7053,8254,8979,NHB RESIDEX,https://residex.nhbonline.org.in/,FY 2024-25 base year/current series,Jun 2025 to Jun 2026
Ahmedabad,Jun 2025,101.85,7524,6913,7953,8558,NHB RESIDEX,https://residex.nhbonline.org.in/,FY 2024-25 base year/current series,Jun 2025 to Jun 2026
Ahmedabad,Jun 2026,109.9,8118,7308,8670,9567,NHB RESIDEX,https://residex.nhbonline.org.in/,FY 2024-25 base year/current series,Jun 2025 to Jun 2026
Ahmedabad,Mar 2026,107.31,7926,7146,8463,9302,NHB RESIDEX,https://residex.nhbonline.org.in/,FY 2024-25 base year/current series,Jun 2025 to Jun 2026
Ahmedabad,Sep 2025,103.22,7624,6974,8100,8645,NHB RESIDEX,https://residex.nhbonline.org.in/,FY 2024-25 base year/current series,Jun 2025 to Jun 2026
Bengaluru,Dec 2025,108.47,11200,11284,10302,12902,NHB RESIDEX,https://residex.nhbonline.org.in/,FY 2024-25 base year/current series,Jun 2025 to Jun 2026
Bengaluru,Jun 2025,99.88,10313,11039,9426,11806,NHB RESIDEX,https://residex.nhbonline.org.in/,FY 2024-25 base year/current series,Jun 2025 to Jun 2026
Bengaluru,Jun 2026,121.32,12526,12359,11449,14650,NHB RESIDEX,https://residex.nhbonline.org.in/,FY 2024-25 base year/current series,Jun 2025 to Jun 2026
Bengaluru,Mar 2026,113.13,11680,11357,10679,13702,NHB RESIDEX,https://residex.nhbonline.org.in/,FY 2024-25 base year/current series,Jun 2025 to Jun 2026
Bengaluru,Sep 2025,104.22,10760,11099,9911,12295,NHB RESIDEX,https://residex.nhbonline.org.in/,FY 2024-25 base year/current series,Jun 2025 to Jun 2026
Bhiwadi,Dec 2025,100.17,3370,3032,3643,3251,NHB RESIDEX,https://residex.nhbonline.org.in/,FY 2024-25 base year/current series,Jun 2025 to Jun 2026
Bhiwadi,Jun 2025,101.86,3427,3253,3594,3110,NHB RESIDEX,https://residex.nhbonline.org.in/,FY 2024-25 base year/current series,Jun 2025 to Jun 2026
Bhiwadi,Jun 2026,102.57,3450,3210,3628,3533,NHB RESIDEX,https://residex.nhbonline.org.in/,FY 2024-25 base year/current series,Jun 2025 to Jun 2026
Bhiwadi,Mar 2026,100.32,3375,3033,3652,3246,NHB RESIDEX,https://residex.nhbonline.org.in/,FY 2024-25 base year/current series,Jun 2025 to Jun 2026
Bhiwadi,Sep 2025,101.56,3416,3113,3682,3125,NHB RESIDEX,https://residex.nhbonline.org.in/,FY 2024-25 base year/current series,Jun 2025 to Jun 2026
Bhopal,Dec 2025,99.22,4631,4309,4765,5154,NHB RESIDEX,https://residex.nhbonline.org.in/,FY 2024-25 base year/current series,Jun 2025 to Jun 2026
Bhopal,Jun 2025,100.22,4678,4249,4939,5048,NHB RESIDEX,https://residex.nhbonline.org.in/,FY 2024-25 base year/current series,Jun 2025 to Jun 2026
Bhopal,Jun 2026,100.76,4703,4303,4911,5189,NHB RESIDEX,https://residex.nhbonline.org.in/,FY 2024-25 base year/current series,Jun 2025 to Jun 2026
Bhopal,Mar 2026,99.42,4640,4291,4813,5100,NHB RESIDEX,https://residex.nhbonline.org.in/,FY 2024-25 base year/current series,Jun 2025 to Jun 2026
Bhopal,Sep 2025,99.13,4627,4278,4826,4979,NHB RESIDEX,https://residex.nhbonline.org.in/,FY 2024-25 base year/current series,Jun 2025 to Jun 2026
Bhubaneswar,Dec 2025,107.82,9355,9056,9878,8745,NHB RESIDEX,https://residex.nhbonline.org.in/,FY 2024-25 base year/current series,Jun 2025 to Jun 2026
Bhubaneswar,Jun 2025,102.68,8909,8889,9549,8063,NHB RESIDEX,https://residex.nhbonline.org.in/,FY 2024-25 base year/current series,Jun 2025 to Jun 2026
Bhubaneswar,Jun 2026,106.86,9272,8765,9944,8521,NHB RESIDEX,https://residex.nhbonline.org.in/,FY 2024-25 base year/current series,Jun 2025 to Jun 2026
Bhubaneswar,Mar 2026,105.98,9195,8437,9768,8648,NHB RESIDEX,https://residex.nhbonline.org.in/,FY 2024-25 base year/current series,Jun 2025 to Jun 2026
Bhubaneswar,Sep 2025,105.17,9125,8837,9631,8535,NHB RESIDEX,https://residex.nhbonline.org.in/,FY 2024-25 base year/current series,Jun 2025 to Jun 2026
Bidhan Nagar (Excluding Rajarhat),Dec 2025,101.35,6078,5418,6316,7832,NHB RESIDEX,https://residex.nhbonline.org.in/,FY 2024-25 base year/current series,Jun 2025 to Jun 2026
Bidhan Nagar (Excluding Rajarhat),Jun 2025,100.69,6039,5319,6340,7689,NHB RESIDEX,https://residex.nhbonline.org.in/,FY 2024-25 base year/current series,Jun 2025 to Jun 2026
Bidhan Nagar (Excluding Rajarhat),Jun 2026,105.53,6329,5785,6398,8578,NHB RESIDEX,https://residex.nhbonline.org.in/,FY 2024-25 base year/current series,Jun 2025 to Jun 2026
Bidhan Nagar (Excluding Rajarhat),Mar 2026,102.8,6165,5536,6319,8298,NHB RESIDEX,https://residex.nhbonline.org.in/,FY 2024-25 base year/current series,Jun 2025 to Jun 2026
Bidhan Nagar (Excluding Rajarhat),Sep 2025,98.03,5879,5290,6126,7236,NHB RESIDEX,https://residex.nhbonline.org.in/,FY 2024-25 base year/current series,Jun 2025 to Jun 2026
Chakan,Dec 2025,104.02,5606,5742,4722,4693,NHB RESIDEX,https://residex.nhbonline.org.in/,FY 2024-25 base year/current series,Jun 2025 to Jun 2026
Chakan,Jun 2025,101.63,5477,5602,4706,4121,NHB RESIDEX,https://residex.nhbonline.org.in/,FY 2024-25 base year/current series,Jun 2025 to Jun 2026
Chakan,Jun 2026,103.63,5585,5674,4982,5280,NHB RESIDEX,https://residex.nhbonline.org.in/,FY 2024-25 base year/current series,Jun 2025 to Jun 2026
Chakan,Mar 2026,103.43,5574,5686,4827,5098,NHB RESIDEX,https://residex.nhbonline.org.in/,FY 2024-25 base year/current series,Jun 2025 to Jun 2026
Chakan,Sep 2025,103.24,5564,5701,4663,4753,NHB RESIDEX,https://residex.nhbonline.org.in/,FY 2024-25 base year/current series,Jun 2025 to Jun 2026
Chandigarh (Tricity),Dec 2025,106.18,7447,7715,6753,8108,NHB RESIDEX,https://residex.nhbonline.org.in/,FY 2024-25 base year/current series,Jun 2025 to Jun 2026
Chandigarh (Tricity),Jun 2025,102.47,7187,7398,6588,7813,NHB RESIDEX,https://residex.nhbonline.org.in/,FY 2024-25 base year/current series,Jun 2025 to Jun 2026
Chandigarh (Tricity),Jun 2026,110.94,7781,8127,7300,7778,NHB RESIDEX,https://residex.nhbonline.org.in/,FY 2024-25 base year/current series,Jun 2025 to Jun 2026
Chandigarh (Tricity),Mar 2026,108.58,7615,7908,6994,8053,NHB RESIDEX,https://residex.nhbonline.org.in/,FY 2024-25 base year/current series,Jun 2025 to Jun 2026
Chandigarh (Tricity),Sep 2025,102.8,7210,7503,6545,7739,NHB RESIDEX,https://residex.nhbonline.org.in/,FY 2024-25 base year/current series,Jun 2025 to Jun 2026
Chennai,Dec 2025,106.46,10032,9120,9732,11700,NHB RESIDEX,https://residex.nhbonline.org.in/,FY 2024-25 base year/current series,Jun 2025 to Jun 2026
Chennai,Jun 2025,101.38,9553,8455,9443,11028,NHB RESIDEX,https://residex.nhbonline.org.in/,FY 2024-25 base year/current series,Jun 2025 to Jun 2026
Chennai,Jun 2026,112.34,10586,9725,10196,12391,NHB RESIDEX,https://residex.nhbonline.org.in/,FY 2024-25 base year/current series,Jun 2025 to Jun 2026
Chennai,Mar 2026,108.69,10242,9417,9857,11997,NHB RESIDEX,https://residex.nhbonline.org.in/,FY 2024-25 base year/current series,Jun 2025 to Jun 2026
Chennai,Sep 2025,102.87,9694,8694,9508,11218,NHB RESIDEX,https://residex.nhbonline.org.in/,FY 2024-25 base year/current series,Jun 2025 to Jun 2026
Coimbatore,Dec 2025,100.41,7624,7837,7363,7819,NHB RESIDEX,https://residex.nhbonline.org.in/,FY 2024-25 base year/current series,Jun 2025 to Jun 2026
Coimbatore,Jun 2025,100.12,7602,8003,6837,8301,NHB RESIDEX,https://residex.nhbonline.org.in/,FY 2024-25 base year/current series,Jun 2025 to Jun 2026
Coimbatore,Jun 2026,101.37,7697,7831,7605,7732,NHB RESIDEX,https://residex.nhbonline.org.in/,FY 2024-25 base year/current series,Jun 2025 to Jun 2026
Coimbatore,Mar 2026,100.36,7620,8115,7574,7400,NHB RESIDEX,https://residex.nhbonline.org.in/,FY 2024-25 base year/current series,Jun 2025 to Jun 2026
Coimbatore,Sep 2025,100.38,7622,8057,6929,8215,NHB RESIDEX,https://residex.nhbonline.org.in/,FY 2024-25 base year/current series,Jun 2025 to Jun 2026
Dehradun,Dec 2025,102.79,6965,7268,7143,6481,NHB RESIDEX,https://residex.nhbonline.org.in/,FY 2024-25 base year/current series,Jun 2025 to Jun 2026
Dehradun,Jun 2025,99.82,6764,7236,6797,6322,NHB RESIDEX,https://residex.nhbonline.org.in/,FY 2024-25 base year/current series,Jun 2025 to Jun 2026
Dehradun,Jun 2026,112.21,7604,7706,7656,7449,NHB RESIDEX,https://residex.nhbonline.org.in/,FY 2024-25 base year/current series,Jun 2025 to Jun 2026
Dehradun,Mar 2026,107.13,7259,7550,7403,6828,NHB RESIDEX,https://residex.nhbonline.org.in/,FY 2024-25 base year/current series,Jun 2025 to Jun 2026
Dehradun,Sep 2025,100.51,6811,7226,6980,6243,NHB RESIDEX,https://residex.nhbonline.org.in/,FY 2024-25 base year/current series,Jun 2025 to Jun 2026
Delhi,Dec 2025,95.72,9404,7715,11011,17556,NHB RESIDEX,https://residex.nhbonline.org.in/,FY 2024-25 base year/current series,Jun 2025 to Jun 2026
Delhi,Jun 2025,97.55,9584,7694,11608,17835,NHB RESIDEX,https://residex.nhbonline.org.in/,FY 2024-25 base year/current series,Jun 2025 to Jun 2026
Delhi,Jun 2026,97.55,9584,7964,11090,17529,NHB RESIDEX,https://residex.nhbonline.org.in/,FY 2024-25 base year/current series,Jun 2025 to Jun 2026
Delhi,Mar 2026,95.58,9390,7745,10915,17487,NHB RESIDEX,https://residex.nhbonline.org.in/,FY 2024-25 base year/current series,Jun 2025 to Jun 2026
Delhi,Sep 2025,96.5,9481,7686,11353,17510,NHB RESIDEX,https://residex.nhbonline.org.in/,FY 2024-25 base year/current series,Jun 2025 to Jun 2026
Faridabad,Dec 2025,109.13,7551,6943,7681,8287,NHB RESIDEX,https://residex.nhbonline.org.in/,FY 2024-25 base year/current series,Jun 2025 to Jun 2026
Faridabad,Jun 2025,103.06,7132,6378,7302,8029,NHB RESIDEX,https://residex.nhbonline.org.in/,FY 2024-25 base year/current series,Jun 2025 to Jun 2026
Faridabad,Jun 2026,128.22,8873,8225,9063,9587,NHB RESIDEX,https://residex.nhbonline.org.in/,FY 2024-25 base year/current series,Jun 2025 to Jun 2026
Faridabad,Mar 2026,119.7,8283,7721,8347,9035,NHB RESIDEX,https://residex.nhbonline.org.in/,FY 2024-25 base year/current series,Jun 2025 to Jun 2026
Faridabad,Sep 2025,104.51,7231,6544,7398,8035,NHB RESIDEX,https://residex.nhbonline.org.in/,FY 2024-25 base year/current series,Jun 2025 to Jun 2026
Gandhinagar,Dec 2025,100.69,7651,7211,7623,9542,NHB RESIDEX,https://residex.nhbonline.org.in/,FY 2024-25 base year/current series,Jun 2025 to Jun 2026
Gandhinagar,Jun 2025,98.55,7488,7100,7445,9259,NHB RESIDEX,https://residex.nhbonline.org.in/,FY 2024-25 base year/current series,Jun 2025 to Jun 2026
Gandhinagar,Jun 2026,103.86,7892,7437,7889,9712,NHB RESIDEX,https://residex.nhbonline.org.in/,FY 2024-25 base year/current series,Jun 2025 to Jun 2026
Gandhinagar,Mar 2026,102.27,7771,7311,7730,9808,NHB RESIDEX,https://residex.nhbonline.org.in/,FY 2024-25 base year/current series,Jun 2025 to Jun 2026
Gandhinagar,Sep 2025,99.33,7547,7123,7529,9324,NHB RESIDEX,https://residex.nhbonline.org.in/,FY 2024-25 base year/current series,Jun 2025 to Jun 2026
Ghaziabad,Dec 2025,108.77,7727,6570,8258,10088,NHB RESIDEX,https://residex.nhbonline.org.in/,FY 2024-25 base year/current series,Jun 2025 to Jun 2026
Ghaziabad,Jun 2025,102.07,7251,6438,7735,8565,NHB RESIDEX,https://residex.nhbonline.org.in/,FY 2024-25 base year/current series,Jun 2025 to Jun 2026
Ghaziabad,Jun 2026,114.29,8119,6913,8550,10959,NHB RESIDEX,https://residex.nhbonline.org.in/,FY 2024-25 base year/current series,Jun 2025 to Jun 2026
Ghaziabad,Mar 2026,111.37,7912,6691,8428,10539,NHB RESIDEX,https://residex.nhbonline.org.in/,FY 2024-25 base year/current series,Jun 2025 to Jun 2026
Ghaziabad,Sep 2025,105.13,7468,6458,8008,9295,NHB RESIDEX,https://residex.nhbonline.org.in/,FY 2024-25 base year/current series,Jun 2025 to Jun 2026
Greater Noida,Dec 2025,114.15,10213,7836,10890,11551,NHB RESIDEX,https://residex.nhbonline.org.in/,FY 2024-25 base year/current series,Jun 2025 to Jun 2026
Greater Noida,Jun 2025,103.96,9301,7241,9816,10657,NHB RESIDEX,https://residex.nhbonline.org.in/,FY 2024-25 base year/current series,Jun 2025 to Jun 2026
Greater Noida,Jun 2026,123.5,11049,8120,11719,13142,NHB RESIDEX,https://residex.nhbonline.org.in/,FY 2024-25 base year/current series,Jun 2025 to Jun 2026
Greater Noida,Mar 2026,119.52,10693,8017,11352,12481,NHB RESIDEX,https://residex.nhbonline.org.in/,FY 2024-25 base year/current series,Jun 2025 to Jun 2026
Greater Noida,Sep 2025,109.48,9795,7686,10427,10897,NHB RESIDEX,https://residex.nhbonline.org.in/,FY 2024-25 base year/current series,Jun 2025 to Jun 2026
Gurugram,Dec 2025,114.45,17686,12926,19596,18478,NHB RESIDEX,https://residex.nhbonline.org.in/,FY 2024-25 base year/current series,Jun 2025 to Jun 2026
Gurugram,Jun 2025,104.93,16216,11939,17484,17249,NHB RESIDEX,https://residex.nhbonline.org.in/,FY 2024-25 base year/current series,Jun 2025 to Jun 2026
Gurugram,Jun 2026,122.11,18869,13416,21515,19445,NHB RESIDEX,https://residex.nhbonline.org.in/,FY 2024-25 base year/current series,Jun 2025 to Jun 2026
Gurugram,Mar 2026,117.37,18138,13165,20156,18947,NHB RESIDEX,https://residex.nhbonline.org.in/,FY 2024-25 base year/current series,Jun 2025 to Jun 2026
Gurugram,Sep 2025,109.28,16887,12477,18485,17743,NHB RESIDEX,https://residex.nhbonline.org.in/,FY 2024-25 base year/current series,Jun 2025 to Jun 2026
Guwahati,Dec 2025,100.22,6247,6706,6135,6165,NHB RESIDEX,https://residex.nhbonline.org.in/,FY 2024-25 base year/current series,Jun 2025 to Jun 2026
Guwahati,Jun 2025,99.42,6197,6444,6168,6025,NHB RESIDEX,https://residex.nhbonline.org.in/,FY 2024-25 base year/current series,Jun 2025 to Jun 2026
Guwahati,Jun 2026,104.33,6503,6911,6398,6452,NHB RESIDEX,https://residex.nhbonline.org.in/,FY 2024-25 base year/current series,Jun 2025 to Jun 2026
Guwahati,Mar 2026,102.03,6360,6789,6272,6212,NHB RESIDEX,https://residex.nhbonline.org.in/,FY 2024-25 base year/current series,Jun 2025 to Jun 2026
Guwahati,Sep 2025,98.64,6148,6489,6100,5944,NHB RESIDEX,https://residex.nhbonline.org.in/,FY 2024-25 base year/current series,Jun 2025 to Jun 2026
Howrah,Dec 2025,100.51,4432,4320,4423,5370,NHB RESIDEX,https://residex.nhbonline.org.in/,FY 2024-25 base year/current series,Jun 2025 to Jun 2026
Howrah,Jun 2025,97.39,4294,4200,4241,5328,NHB RESIDEX,https://residex.nhbonline.org.in/,FY 2024-25 base year/current series,Jun 2025 to Jun 2026
Howrah,Jun 2026,104.01,4586,4411,4778,4991,NHB RESIDEX,https://residex.nhbonline.org.in/,FY 2024-25 base year/current series,Jun 2025 to Jun 2026
Howrah,Mar 2026,101.64,4482,4367,4510,5260,NHB RESIDEX,https://residex.nhbonline.org.in/,FY 2024-25 base year/current series,Jun 2025 to Jun 2026
Howrah,Sep 2025,99.29,4378,4231,4364,5630,NHB RESIDEX,https://residex.nhbonline.org.in/,FY 2024-25 base year/current series,Jun 2025 to Jun 2026
Hyderabad,Dec 2025,102.21,8303,6347,7507,9756,NHB RESIDEX,https://residex.nhbonline.org.in/,FY 2024-25 base year/current series,Jun 2025 to Jun 2026
Hyderabad,Jun 2025,99.91,8116,6298,7437,9378,NHB RESIDEX,https://residex.nhbonline.org.in/,FY 2024-25 base year/current series,Jun 2025 to Jun 2026
Hyderabad,Jun 2026,105.11,8538,6499,7667,10112,NHB RESIDEX,https://residex.nhbonline.org.in/,FY 2024-25 base year/current series,Jun 2025 to Jun 2026
Hyderabad,Mar 2026,103.33,8393,6449,7533,9938,NHB RESIDEX,https://residex.nhbonline.org.in/,FY 2024-25 base year/current series,Jun 2025 to Jun 2026
Hyderabad,Sep 2025,100.82,8190,6355,7479,9500,NHB RESIDEX,https://residex.nhbonline.org.in/,FY 2024-25 base year/current series,Jun 2025 to Jun 2026
Indore,Dec 2025,100.24,4767,4215,5207,6012,NHB RESIDEX,https://residex.nhbonline.org.in/,FY 2024-25 base year/current series,Jun 2025 to Jun 2026
Indore,Jun 2025,100.15,4763,4300,5121,5846,NHB RESIDEX,https://residex.nhbonline.org.in/,FY 2024-25 base year/current series,Jun 2025 to Jun 2026
Indore,Jun 2026,105.92,5037,4490,5449,6362,NHB RESIDEX,https://residex.nhbonline.org.in/,FY 2024-25 base year/current series,Jun 2025 to Jun 2026
Indore,Mar 2026,103.24,4909,4384,5296,6215,NHB RESIDEX,https://residex.nhbonline.org.in/,FY 2024-25 base year/current series,Jun 2025 to Jun 2026
Indore,Sep 2025,98.79,4698,4220,5055,5863,NHB RESIDEX,https://residex.nhbonline.org.in/,FY 2024-25 base year/current series,Jun 2025 to Jun 2026
Jaipur,Dec 2025,102.45,5164,4578,5436,5466,NHB RESIDEX,https://residex.nhbonline.org.in/,FY 2024-25 base year/current series,Jun 2025 to Jun 2026
Jaipur,Jun 2025,100.22,5051,4435,5279,5524,NHB RESIDEX,https://residex.nhbonline.org.in/,FY 2024-25 base year/current series,Jun 2025 to Jun 2026
Jaipur,Jun 2026,107.33,5409,4816,5619,5891,NHB RESIDEX,https://residex.nhbonline.org.in/,FY 2024-25 base year/current series,Jun 2025 to Jun 2026
Jaipur,Mar 2026,104.27,5255,4677,5497,5626,NHB RESIDEX,https://residex.nhbonline.org.in/,FY 2024-25 base year/current series,Jun 2025 to Jun 2026
Jaipur,Sep 2025,100.95,5088,4504,5322,5488,NHB RESIDEX,https://residex.nhbonline.org.in/,FY 2024-25 base year/current series,Jun 2025 to Jun 2026
Kalyan Dombivali,Dec 2025,99.62,10159,10245,9766,10541,NHB RESIDEX,https://residex.nhbonline.org.in/,FY 2024-25 base year/current series,Jun 2025 to Jun 2026
Kalyan Dombivali,Jun 2025,99.65,10162,10254,9726,10735,NHB RESIDEX,https://residex.nhbonline.org.in/,FY 2024-25 base year/current series,Jun 2025 to Jun 2026
Kalyan Dombivali,Jun 2026,97.99,9992,10021,9841,10383,NHB RESIDEX,https://residex.nhbonline.org.in/,FY 2024-25 base year/current series,Jun 2025 to Jun 2026
Kalyan Dombivali,Mar 2026,98.28,10022,10065,9797,10558,NHB RESIDEX,https://residex.nhbonline.org.in/,FY 2024-25 base year/current series,Jun 2025 to Jun 2026
Kalyan Dombivali,Sep 2025,99.04,10100,10249,9469,10162,NHB RESIDEX,https://residex.nhbonline.org.in/,FY 2024-25 base year/current series,Jun 2025 to Jun 2026
Kanpur,Dec 2025,104.15,5969,5050,6360,6777,NHB RESIDEX,https://residex.nhbonline.org.in/,FY 2024-25 base year/current series,Jun 2025 to Jun 2026
Kanpur,Jun 2025,98.74,5659,4343,6308,6456,NHB RESIDEX,https://residex.nhbonline.org.in/,FY 2024-25 base year/current series,Jun 2025 to Jun 2026
Kanpur,Jun 2026,110.71,6345,5664,6657,6852,NHB RESIDEX,https://residex.nhbonline.org.in/,FY 2024-25 base year/current series,Jun 2025 to Jun 2026
Kanpur,Mar 2026,107.38,6155,5514,6459,6588,NHB RESIDEX,https://residex.nhbonline.org.in/,FY 2024-25 base year/current series,Jun 2025 to Jun 2026
Kanpur,Sep 2025,99.04,5676,4269,6303,6794,NHB RESIDEX,https://residex.nhbonline.org.in/,FY 2024-25 base year/current series,Jun 2025 to Jun 2026
Kochi,Dec 2025,96.55,7804,8654,6749,8617,NHB RESIDEX,https://residex.nhbonline.org.in/,FY 2024-25 base year/current series,Jun 2025 to Jun 2026
Kochi,Jun 2025,93.1,7526,7922,6731,8219,NHB RESIDEX,https://residex.nhbonline.org.in/,FY 2024-25 base year/current series,Jun 2025 to Jun 2026
Kochi,Jun 2026,113.7,9191,11688,7491,10124,NHB RESIDEX,https://residex.nhbonline.org.in/,FY 2024-25 base year/current series,Jun 2025 to Jun 2026
Kochi,Mar 2026,105.36,8516,9735,7096,9585,NHB RESIDEX,https://residex.nhbonline.org.in/,FY 2024-25 base year/current series,Jun 2025 to Jun 2026
Kochi,Sep 2025,90.51,7316,7624,6676,7879,NHB RESIDEX,https://residex.nhbonline.org.in/,FY 2024-25 base year/current series,Jun 2025 to Jun 2026
Kolkata,Dec 2025,104.32,8289,6300,8003,14903,NHB RESIDEX,https://residex.nhbonline.org.in/,FY 2024-25 base year/current series,Jun 2025 to Jun 2026
Kolkata,Jun 2025,100.93,8019,6154,7755,14211,NHB RESIDEX,https://residex.nhbonline.org.in/,FY 2024-25 base year/current series,Jun 2025 to Jun 2026
Kolkata,Jun 2026,107.88,8571,6491,8336,15317,NHB RESIDEX,https://residex.nhbonline.org.in/,FY 2024-25 base year/current series,Jun 2025 to Jun 2026
Kolkata,Mar 2026,105.28,8365,6321,8053,15214,NHB RESIDEX,https://residex.nhbonline.org.in/,FY 2024-25 base year/current series,Jun 2025 to Jun 2026
Kolkata,Sep 2025,101.01,8025,6196,7773,14080,NHB RESIDEX,https://residex.nhbonline.org.in/,FY 2024-25 base year/current series,Jun 2025 to Jun 2026
Lucknow,Dec 2025,102.13,6545,5983,6142,7468,NHB RESIDEX,https://residex.nhbonline.org.in/,FY 2024-25 base year/current series,Jun 2025 to Jun 2026
Lucknow,Jun 2025,103.39,6626,5654,6694,7215,NHB RESIDEX,https://residex.nhbonline.org.in/,FY 2024-25 base year/current series,Jun 2025 to Jun 2026
Lucknow,Jun 2026,102.97,6599,5536,6200,7865,NHB RESIDEX,https://residex.nhbonline.org.in/,FY 2024-25 base year/current series,Jun 2025 to Jun 2026
Lucknow,Mar 2026,102.47,6567,5766,6144,7682,NHB RESIDEX,https://residex.nhbonline.org.in/,FY 2024-25 base year/current series,Jun 2025 to Jun 2026
Lucknow,Sep 2025,102.84,6590,5690,6614,7189,NHB RESIDEX,https://residex.nhbonline.org.in/,FY 2024-25 base year/current series,Jun 2025 to Jun 2026
Ludhiana,Dec 2025,114.89,5138,4114,4563,6329,NHB RESIDEX,https://residex.nhbonline.org.in/,FY 2024-25 base year/current series,Jun 2025 to Jun 2026
Ludhiana,Jun 2025,101.48,4538,4127,4354,4964,NHB RESIDEX,https://residex.nhbonline.org.in/,FY 2024-25 base year/current series,Jun 2025 to Jun 2026
Ludhiana,Jun 2026,121.66,5441,4831,4708,6596,NHB RESIDEX,https://residex.nhbonline.org.in/,FY 2024-25 base year/current series,Jun 2025 to Jun 2026
Ludhiana,Mar 2026,120.59,5392,4343,4746,6681,NHB RESIDEX,https://residex.nhbonline.org.in/,FY 2024-25 base year/current series,Jun 2025 to Jun 2026
Ludhiana,Sep 2025,107.65,4814,4222,4520,5460,NHB RESIDEX,https://residex.nhbonline.org.in/,FY 2024-25 base year/current series,Jun 2025 to Jun 2026
Meerut,Dec 2025,105.24,4929,4711,4902,5241,NHB RESIDEX,https://residex.nhbonline.org.in/,FY 2024-25 base year/current series,Jun 2025 to Jun 2026
Meerut,Jun 2025,100.48,4706,4678,4674,4844,NHB RESIDEX,https://residex.nhbonline.org.in/,FY 2024-25 base year/current series,Jun 2025 to Jun 2026
Meerut,Jun 2026,112.03,5247,4947,5279,5440,NHB RESIDEX,https://residex.nhbonline.org.in/,FY 2024-25 base year/current series,Jun 2025 to Jun 2026
Meerut,Mar 2026,107.8,5049,4708,5042,5412,NHB RESIDEX,https://residex.nhbonline.org.in/,FY 2024-25 base year/current series,Jun 2025 to Jun 2026
Meerut,Sep 2025,102.82,4816,4857,4765,4947,NHB RESIDEX,https://residex.nhbonline.org.in/,FY 2024-25 base year/current series,Jun 2025 to Jun 2026
Mira Bhayander,Dec 2025,104.53,14950,14814,15967,13462,NHB RESIDEX,https://residex.nhbonline.org.in/,FY 2024-25 base year/current series,Jun 2025 to Jun 2026
Mira Bhayander,Jun 2025,100.79,14414,14335,15136,11721,NHB RESIDEX,https://residex.nhbonline.org.in/,FY 2024-25 base year/current series,Jun 2025 to Jun 2026
Mira Bhayander,Jun 2026,110.07,15742,15517,17347,14432,NHB RESIDEX,https://residex.nhbonline.org.in/,FY 2024-25 base year/current series,Jun 2025 to Jun 2026
Mira Bhayander,Mar 2026,106.93,15293,15131,16497,13679,NHB RESIDEX,https://residex.nhbonline.org.in/,FY 2024-25 base year/current series,Jun 2025 to Jun 2026
Mira Bhayander,Sep 2025,101.98,14585,14508,15260,12356,NHB RESIDEX,https://residex.nhbonline.org.in/,FY 2024-25 base year/current series,Jun 2025 to Jun 2026
Mumbai,Dec 2025,102.32,27445,25827,29636,33895,NHB RESIDEX,https://residex.nhbonline.org.in/,FY 2024-25 base year/current series,Jun 2025 to Jun 2026
Mumbai,Jun 2025,100.68,27005,25364,29704,31895,NHB RESIDEX,https://residex.nhbonline.org.in/,FY 2024-25 base year/current series,Jun 2025 to Jun 2026
Mumbai,Jun 2026,106.93,28683,26867,31022,36339,NHB RESIDEX,https://residex.nhbonline.org.in/,FY 2024-25 base year/current series,Jun 2025 to Jun 2026
Mumbai,Mar 2026,104.51,28034,26321,30281,35106,NHB RESIDEX,https://residex.nhbonline.org.in/,FY 2024-25 base year/current series,Jun 2025 to Jun 2026
Mumbai,Sep 2025,100.91,27066,25399,29429,33345,NHB RESIDEX,https://residex.nhbonline.org.in/,FY 2024-25 base year/current series,Jun 2025 to Jun 2026
Nagpur,Dec 2025,102.87,6915,6778,6961,7335,NHB RESIDEX,https://residex.nhbonline.org.in/,FY 2024-25 base year/current series,Jun 2025 to Jun 2026
Nagpur,Jun 2025,98.88,6647,6584,6572,7157,NHB RESIDEX,https://residex.nhbonline.org.in/,FY 2024-25 base year/current series,Jun 2025 to Jun 2026
Nagpur,Jun 2026,109.22,7342,7112,7463,7899,NHB RESIDEX,https://residex.nhbonline.org.in/,FY 2024-25 base year/current series,Jun 2025 to Jun 2026
Nagpur,Mar 2026,106.01,7126,6957,7191,7617,NHB RESIDEX,https://residex.nhbonline.org.in/,FY 2024-25 base year/current series,Jun 2025 to Jun 2026
Nagpur,Sep 2025,101.02,6790,6692,6735,7390,NHB RESIDEX,https://residex.nhbonline.org.in/,FY 2024-25 base year/current series,Jun 2025 to Jun 2026
Nashik,Dec 2025,103.17,4892,4661,4997,5734,NHB RESIDEX,https://residex.nhbonline.org.in/,FY 2024-25 base year/current series,Jun 2025 to Jun 2026
Nashik,Jun 2025,101.1,4794,4564,4909,5559,NHB RESIDEX,https://residex.nhbonline.org.in/,FY 2024-25 base year/current series,Jun 2025 to Jun 2026
Nashik,Jun 2026,106.37,5043,4805,5134,6027,NHB RESIDEX,https://residex.nhbonline.org.in/,FY 2024-25 base year/current series,Jun 2025 to Jun 2026
Nashik,Mar 2026,104.8,4969,4711,5087,5915,NHB RESIDEX,https://residex.nhbonline.org.in/,FY 2024-25 base year/current series,Jun 2025 to Jun 2026
Nashik,Sep 2025,102.2,4846,4608,4958,5688,NHB RESIDEX,https://residex.nhbonline.org.in/,FY 2024-25 base year/current series,Jun 2025 to Jun 2026
Navi Mumbai,Dec 2025,99.8,17485,15957,22848,20477,NHB RESIDEX,https://residex.nhbonline.org.in/,FY 2024-25 base year/current series,Jun 2025 to Jun 2026
Navi Mumbai,Jun 2025,102.89,18026,16793,22398,20223,NHB RESIDEX,https://residex.nhbonline.org.in/,FY 2024-25 base year/current series,Jun 2025 to Jun 2026
Navi Mumbai,Jun 2026,107.57,18847,17324,23929,23048,NHB RESIDEX,https://residex.nhbonline.org.in/,FY 2024-25 base year/current series,Jun 2025 to Jun 2026
Navi Mumbai,Mar 2026,104.42,18295,16818,23306,21976,NHB RESIDEX,https://residex.nhbonline.org.in/,FY 2024-25 base year/current series,Jun 2025 to Jun 2026
Navi Mumbai,Sep 2025,97.57,17094,15563,22519,19848,NHB RESIDEX,https://residex.nhbonline.org.in/,FY 2024-25 base year/current series,Jun 2025 to Jun 2026
New Town Kolkata,Dec 2025,103.65,8141,7772,8021,9174,NHB RESIDEX,https://residex.nhbonline.org.in/,FY 2024-25 base year/current series,Jun 2025 to Jun 2026
New Town Kolkata,Jun 2025,100.2,7870,7751,7593,8940,NHB RESIDEX,https://residex.nhbonline.org.in/,FY 2024-25 base year/current series,Jun 2025 to Jun 2026
New Town Kolkata,Jun 2026,111.49,8757,8295,8708,9734,NHB RESIDEX,https://residex.nhbonline.org.in/,FY 2024-25 base year/current series,Jun 2025 to Jun 2026
New Town Kolkata,Mar 2026,107.28,8426,7966,8320,9579,NHB RESIDEX,https://residex.nhbonline.org.in/,FY 2024-25 base year/current series,Jun 2025 to Jun 2026
New Town Kolkata,Sep 2025,100.29,7877,7664,7746,8661,NHB RESIDEX,https://residex.nhbonline.org.in/,FY 2024-25 base year/current series,Jun 2025 to Jun 2026
Noida,Dec 2025,112.23,10414,6983,11033,13176,NHB RESIDEX,https://residex.nhbonline.org.in/,FY 2024-25 base year/current series,Jun 2025 to Jun 2026
Noida,Jun 2025,103.99,9649,6702,9852,12581,NHB RESIDEX,https://residex.nhbonline.org.in/,FY 2024-25 base year/current series,Jun 2025 to Jun 2026
Noida,Jun 2026,115.42,10710,7450,11345,13253,NHB RESIDEX,https://residex.nhbonline.org.in/,FY 2024-25 base year/current series,Jun 2025 to Jun 2026
Noida,Mar 2026,113.2,10504,7151,11144,13144,NHB RESIDEX,https://residex.nhbonline.org.in/,FY 2024-25 base year/current series,Jun 2025 to Jun 2026
Noida,Sep 2025,108.47,10065,6839,10510,12893,NHB RESIDEX,https://residex.nhbonline.org.in/,FY 2024-25 base year/current series,Jun 2025 to Jun 2026
Panvel,Dec 2025,100.64,12990,12595,15493,11701,NHB RESIDEX,https://residex.nhbonline.org.in/,FY 2024-25 base year/current series,Jun 2025 to Jun 2026
Panvel,Jun 2025,99.95,12901,12521,15301,11703,NHB RESIDEX,https://residex.nhbonline.org.in/,FY 2024-25 base year/current series,Jun 2025 to Jun 2026
Panvel,Jun 2026,100.73,13001,12505,15848,13347,NHB RESIDEX,https://residex.nhbonline.org.in/,FY 2024-25 base year/current series,Jun 2025 to Jun 2026
Panvel,Mar 2026,100.39,12957,12485,15742,12799,NHB RESIDEX,https://residex.nhbonline.org.in/,FY 2024-25 base year/current series,Jun 2025 to Jun 2026
Panvel,Sep 2025,99.54,12848,12462,15150,12567,NHB RESIDEX,https://residex.nhbonline.org.in/,FY 2024-25 base year/current series,Jun 2025 to Jun 2026
Patna,Dec 2025,106.02,6888,6657,7201,6341,NHB RESIDEX,https://residex.nhbonline.org.in/,FY 2024-25 base year/current series,Jun 2025 to Jun 2026
Patna,Jun 2025,103.2,6705,6698,6994,6143,NHB RESIDEX,https://residex.nhbonline.org.in/,FY 2024-25 base year/current series,Jun 2025 to Jun 2026
Patna,Jun 2026,111.12,7220,7609,7555,6459,NHB RESIDEX,https://residex.nhbonline.org.in/,FY 2024-25 base year/current series,Jun 2025 to Jun 2026
Patna,Mar 2026,109.16,7092,6696,7438,6529,NHB RESIDEX,https://residex.nhbonline.org.in/,FY 2024-25 base year/current series,Jun 2025 to Jun 2026
Patna,Sep 2025,103.07,6697,6340,6991,6222,NHB RESIDEX,https://residex.nhbonline.org.in/,FY 2024-25 base year/current series,Jun 2025 to Jun 2026
Pimpri Chinchwad,Dec 2025,103.12,7095,7105,7075,7203,NHB RESIDEX,https://residex.nhbonline.org.in/,FY 2024-25 base year/current series,Jun 2025 to Jun 2026
Pimpri Chinchwad,Jun 2025,101.08,6954,6876,7036,7314,NHB RESIDEX,https://residex.nhbonline.org.in/,FY 2024-25 base year/current series,Jun 2025 to Jun 2026
Pimpri Chinchwad,Jun 2026,105.14,7234,7135,7347,7483,NHB RESIDEX,https://residex.nhbonline.org.in/,FY 2024-25 base year/current series,Jun 2025 to Jun 2026
Pimpri Chinchwad,Mar 2026,104.62,7198,7159,7220,7718,NHB RESIDEX,https://residex.nhbonline.org.in/,FY 2024-25 base year/current series,Jun 2025 to Jun 2026
Pimpri Chinchwad,Sep 2025,101.13,6958,6946,6960,7229,NHB RESIDEX,https://residex.nhbonline.org.in/,FY 2024-25 base year/current series,Jun 2025 to Jun 2026
Pune,Dec 2025,101.95,10263,8645,10973,13170,NHB RESIDEX,https://residex.nhbonline.org.in/,FY 2024-25 base year/current series,Jun 2025 to Jun 2026
Pune,Jun 2025,101.13,10181,8617,10762,13372,NHB RESIDEX,https://residex.nhbonline.org.in/,FY 2024-25 base year/current series,Jun 2025 to Jun 2026
Pune,Jun 2026,104.9,10561,8879,11281,13645,NHB RESIDEX,https://residex.nhbonline.org.in/,FY 2024-25 base year/current series,Jun 2025 to Jun 2026
Pune,Mar 2026,103.06,10375,8740,11053,13456,NHB RESIDEX,https://residex.nhbonline.org.in/,FY 2024-25 base year/current series,Jun 2025 to Jun 2026
Pune,Sep 2025,101.02,10170,8531,10840,13294,NHB RESIDEX,https://residex.nhbonline.org.in/,FY 2024-25 base year/current series,Jun 2025 to Jun 2026
Raipur,Dec 2025,91.75,3375,2261,4053,4852,NHB RESIDEX,https://residex.nhbonline.org.in/,FY 2024-25 base year/current series,Jun 2025 to Jun 2026
Raipur,Jun 2025,93.96,3456,2233,4223,5038,NHB RESIDEX,https://residex.nhbonline.org.in/,FY 2024-25 base year/current series,Jun 2025 to Jun 2026
Raipur,Jun 2026,104.29,3836,2999,4313,5007,NHB RESIDEX,https://residex.nhbonline.org.in/,FY 2024-25 base year/current series,Jun 2025 to Jun 2026
Raipur,Mar 2026,97.71,3594,2606,4166,4960,NHB RESIDEX,https://residex.nhbonline.org.in/,FY 2024-25 base year/current series,Jun 2025 to Jun 2026
Raipur,Sep 2025,92.15,3389,2200,4125,4948,NHB RESIDEX,https://residex.nhbonline.org.in/,FY 2024-25 base year/current series,Jun 2025 to Jun 2026
Rajkot,Dec 2025,99.43,6212,5952,6519,6997,NHB RESIDEX,https://residex.nhbonline.org.in/,FY 2024-25 base year/current series,Jun 2025 to Jun 2026
Rajkot,Jun 2025,99.83,6237,5982,6594,6825,NHB RESIDEX,https://residex.nhbonline.org.in/,FY 2024-25 base year/current series,Jun 2025 to Jun 2026
Rajkot,Jun 2026,100.48,6278,5937,6576,7657,NHB RESIDEX,https://residex.nhbonline.org.in/,FY 2024-25 base year/current series,Jun 2025 to Jun 2026
Rajkot,Mar 2026,99.84,6237,5918,6572,7348,NHB RESIDEX,https://residex.nhbonline.org.in/,FY 2024-25 base year/current series,Jun 2025 to Jun 2026
Rajkot,Sep 2025,99.73,6231,5982,6558,6878,NHB RESIDEX,https://residex.nhbonline.org.in/,FY 2024-25 base year/current series,Jun 2025 to Jun 2026
Ranchi,Dec 2025,104.35,5559,5117,5732,5435,NHB RESIDEX,https://residex.nhbonline.org.in/,FY 2024-25 base year/current series,Jun 2025 to Jun 2026
Ranchi,Jun 2025,100.27,5341,4823,5673,5079,NHB RESIDEX,https://residex.nhbonline.org.in/,FY 2024-25 base year/current series,Jun 2025 to Jun 2026
Ranchi,Jun 2026,109.66,5841,4987,6023,5743,NHB RESIDEX,https://residex.nhbonline.org.in/,FY 2024-25 base year/current series,Jun 2025 to Jun 2026
Ranchi,Mar 2026,106.01,5647,4821,5854,5524,NHB RESIDEX,https://residex.nhbonline.org.in/,FY 2024-25 base year/current series,Jun 2025 to Jun 2026
Ranchi,Sep 2025,102.61,5466,5413,5695,5262,NHB RESIDEX,https://residex.nhbonline.org.in/,FY 2024-25 base year/current series,Jun 2025 to Jun 2026
Surat,Dec 2025,100.55,6113,5045,6814,9154,NHB RESIDEX,https://residex.nhbonline.org.in/,FY 2024-25 base year/current series,Jun 2025 to Jun 2026
Surat,Jun 2025,99.72,6063,5043,6752,8903,NHB RESIDEX,https://residex.nhbonline.org.in/,FY 2024-25 base year/current series,Jun 2025 to Jun 2026
Surat,Jun 2026,105.14,6392,5368,6974,9572,NHB RESIDEX,https://residex.nhbonline.org.in/,FY 2024-25 base year/current series,Jun 2025 to Jun 2026
Surat,Mar 2026,102.89,6256,5204,6863,9492,NHB RESIDEX,https://residex.nhbonline.org.in/,FY 2024-25 base year/current series,Jun 2025 to Jun 2026
Surat,Sep 2025,99.24,6033,4996,6819,8677,NHB RESIDEX,https://residex.nhbonline.org.in/,FY 2024-25 base year/current series,Jun 2025 to Jun 2026
Thane,Dec 2025,100.56,18469,17532,20415,21432,NHB RESIDEX,https://residex.nhbonline.org.in/,FY 2024-25 base year/current series,Jun 2025 to Jun 2026
Thane,Jun 2025,100.11,18387,17670,19749,21364,NHB RESIDEX,https://residex.nhbonline.org.in/,FY 2024-25 base year/current series,Jun 2025 to Jun 2026
Thane,Jun 2026,103.62,19032,18095,21084,21377,NHB RESIDEX,https://residex.nhbonline.org.in/,FY 2024-25 base year/current series,Jun 2025 to Jun 2026
Thane,Mar 2026,102.27,18785,17837,20749,21788,NHB RESIDEX,https://residex.nhbonline.org.in/,FY 2024-25 base year/current series,Jun 2025 to Jun 2026
Thane,Sep 2025,99.58,18290,17466,19930,21300,NHB RESIDEX,https://residex.nhbonline.org.in/,FY 2024-25 base year/current series,Jun 2025 to Jun 2026
Thiruvananthapuram,Dec 2025,100.21,7788,8901,7724,7565,NHB RESIDEX,https://residex.nhbonline.org.in/,FY 2024-25 base year/current series,Jun 2025 to Jun 2026
Thiruvananthapuram,Jun 2025,98.18,7630,8954,7809,6974,NHB RESIDEX,https://residex.nhbonline.org.in/,FY 2024-25 base year/current series,Jun 2025 to Jun 2026
Thiruvananthapuram,Jun 2026,105.3,8183,8825,8397,7669,NHB RESIDEX,https://residex.nhbonline.org.in/,FY 2024-25 base year/current series,Jun 2025 to Jun 2026
Thiruvananthapuram,Mar 2026,101.15,7861,8680,8018,7385,NHB RESIDEX,https://residex.nhbonline.org.in/,FY 2024-25 base year/current series,Jun 2025 to Jun 2026
Thiruvananthapuram,Sep 2025,99.11,7702,8408,7801,7347,NHB RESIDEX,https://residex.nhbonline.org.in/,FY 2024-25 base year/current series,Jun 2025 to Jun 2026
Vadodara,Dec 2025,101.19,5147,4883,5323,6099,NHB RESIDEX,https://residex.nhbonline.org.in/,FY 2024-25 base year/current series,Jun 2025 to Jun 2026
Vadodara,Jun 2025,100.61,5118,4851,5282,6138,NHB RESIDEX,https://residex.nhbonline.org.in/,FY 2024-25 base year/current series,Jun 2025 to Jun 2026
Vadodara,Jun 2026,103.51,5265,5003,5405,6375,NHB RESIDEX,https://residex.nhbonline.org.in/,FY 2024-25 base year/current series,Jun 2025 to Jun 2026
Vadodara,Mar 2026,102.43,5210,4950,5353,6296,NHB RESIDEX,https://residex.nhbonline.org.in/,FY 2024-25 base year/current series,Jun 2025 to Jun 2026
Vadodara,Sep 2025,100.95,5135,4856,5312,6176,NHB RESIDEX,https://residex.nhbonline.org.in/,FY 2024-25 base year/current series,Jun 2025 to Jun 2026
Vasai Virar,Dec 2025,100.2,8648,8687,7789,7406,NHB RESIDEX,https://residex.nhbonline.org.in/,FY 2024-25 base year/current series,Jun 2025 to Jun 2026
Vasai Virar,Jun 2025,100.95,8712,8754,7756,8251,NHB RESIDEX,https://residex.nhbonline.org.in/,FY 2024-25 base year/current series,Jun 2025 to Jun 2026
Vasai Virar,Jun 2026,102.67,8861,8910,7763,7750,NHB RESIDEX,https://residex.nhbonline.org.in/,FY 2024-25 base year/current series,Jun 2025 to Jun 2026
Vasai Virar,Mar 2026,101.99,8802,8848,7798,7112,NHB RESIDEX,https://residex.nhbonline.org.in/,FY 2024-25 base year/current series,Jun 2025 to Jun 2026
Vasai Virar,Sep 2025,100.28,8655,8693,7752,9183,NHB RESIDEX,https://residex.nhbonline.org.in/,FY 2024-25 base year/current series,Jun 2025 to Jun 2026
Vijayawada,Dec 2025,100.83,5341,5245,5068,6123,NHB RESIDEX,https://residex.nhbonline.org.in/,FY 2024-25 base year/current series,Jun 2025 to Jun 2026
Vijayawada,Jun 2025,101.0,5350,5169,5066,6251,NHB RESIDEX,https://residex.nhbonline.org.in/,FY 2024-25 base year/current series,Jun 2025 to Jun 2026
Vijayawada,Jun 2026,103.21,5467,5407,5278,6001,NHB RESIDEX,https://residex.nhbonline.org.in/,FY 2024-25 base year/current series,Jun 2025 to Jun 2026
Vijayawada,Mar 2026,102.55,5433,5406,5205,6026,NHB RESIDEX,https://residex.nhbonline.org.in/,FY 2024-25 base year/current series,Jun 2025 to Jun 2026
Vijayawada,Sep 2025,100.88,5344,5206,5090,6124,NHB RESIDEX,https://residex.nhbonline.org.in/,FY 2024-25 base year/current series,Jun 2025 to Jun 2026
Vizag,Dec 2025,101.64,6087,5852,5775,7183,NHB RESIDEX,https://residex.nhbonline.org.in/,FY 2024-25 base year/current series,Jun 2025 to Jun 2026
Vizag,Jun 2025,100.62,6026,5845,5725,7040,NHB RESIDEX,https://residex.nhbonline.org.in/,FY 2024-25 base year/current series,Jun 2025 to Jun 2026
Vizag,Jun 2026,101.91,6103,5609,5906,7140,NHB RESIDEX,https://residex.nhbonline.org.in/,FY 2024-25 base year/current series,Jun 2025 to Jun 2026
Vizag,Mar 2026,100.93,6044,5576,5838,7078,NHB RESIDEX,https://residex.nhbonline.org.in/,FY 2024-25 base year/current series,Jun 2025 to Jun 2026
Vizag,Sep 2025,101.7,6091,5904,5843,6962,NHB RESIDEX,https://residex.nhbonline.org.in/,FY 2024-25 base year/current series,Jun 2025 to Jun 2026
