Developer_ID,Developer_Name,Developer_Type,Headquarters_City,Headquarters_State
DEV0001,DLF Limited,National,Gurugram,Haryana
DEV0002,Godrej Properties,National,Mumbai,Maharashtra
DEV0003,Urban Builders 3,Regional,Mumbai,Maharashtra
DEV0004,Urban Builders 4,Regional,Mumbai,Maharashtra
DEV0005,Urban Builders 5,Regional,Mumbai,Maharashtra
DEV0006,Urban Builders 6,Regional,Mumbai,Maharashtra
DEV0007,Urban Builders 7,Regional,Mumbai,Maharashtra
DEV0008,Urban Builders 8,Regional,Mumbai,Maharashtra
DEV0009,Urban Builders 9,Regional,Mumbai,Maharashtra
DEV0010,Urban Builders 10,Regional,Mumbai,Maharashtra
DEV0011,Urban Builders 11,Regional,Mumbai,Maharashtra
DEV0012,Urban Builders 12,Regional,Mumbai,Maharashtra
DEV0013,Urban Builders 13,Regional,Mumbai,Maharashtra
DEV0014,Urban Builders 14,Regional,Mumbai,Maharashtra
DEV0015,Urban Builders 15,Regional,Mumbai,Maharashtra
DEV0016,Urban Builders 16,Regional,Mumbai,Maharashtra
DEV0017,Urban Builders 17,Regional,Mumbai,Maharashtra
DEV0018,Urban Builders 18,Regional,Mumbai,Maharashtra
DEV0019,Urban Builders 19,Regional,Mumbai,Maharashtra
DEV0020,Urban Builders 20,Regional,Mumbai,Maharashtra
DEV0021,Urban Builders 21,Regional,Mumbai,Maharashtra
DEV0022,Urban Builders 22,Regional,Mumbai,Maharashtra
DEV0023,Urban Builders 23,Regional,Mumbai,Maharashtra
DEV0024,Urban Builders 24,Regional,Mumbai,Maharashtra
DEV0025,Urban Builders 25,Regional,Mumbai,Maharashtra
DEV0026,Urban Builders 26,Regional,Mumbai,Maharashtra
DEV0027,Urban Builders 27,Regional,Mumbai,Maharashtra
DEV0028,Urban Builders 28,Regional,Mumbai,Maharashtra
DEV0029,Urban Builders 29,Regional,Mumbai,Maharashtra
DEV0030,Urban Builders 30,Regional,Mumbai,Maharashtra
DEV0031,Urban Builders 31,Regional,Mumbai,Maharashtra
DEV0032,Urban Builders 32,Regional,Mumbai,Maharashtra
DEV0033,Urban Builders 33,Regional,Mumbai,Maharashtra
DEV0034,Urban Builders 34,Regional,Mumbai,Maharashtra
DEV0035,Urban Builders 35,Regional,Mumbai,Maharashtra
DEV0036,Urban Builders 36,Regional,Mumbai,Maharashtra
DEV0037,Urban Builders 37,Regional,Mumbai,Maharashtra
DEV0038,Urban Builders 38,Regional,Mumbai,Maharashtra
DEV0039,Urban Builders 39,Regional,Mumbai,Maharashtra
DEV0040,Urban Builders 40,Regional,Mumbai,Maharashtra
DEV0041,Urban Builders 41,Regional,Mumbai,Maharashtra
DEV0042,Urban Builders 42,Regional,Mumbai,Maharashtra
DEV0043,Urban Builders 43,Regional,Mumbai,Maharashtra
DEV0044,Urban Builders 44,Regional,Mumbai,Maharashtra
DEV0045,Urban Builders 45,Regional,Mumbai,Maharashtra
DEV0046,Urban Builders 46,Regional,Mumbai,Maharashtra
DEV0047,Urban Builders 47,Regional,Mumbai,Maharashtra
DEV0048,Urban Builders 48,Regional,Mumbai,Maharashtra
DEV0049,Urban Builders 49,Regional,Mumbai,Maharashtra
DEV0050,Urban Builders 50,Regional,Mumbai,Maharashtra
DEV0051,Urban Builders 51,Regional,Mumbai,Maharashtra
DEV0052,Urban Builders 52,Regional,Mumbai,Maharashtra
DEV0053,Urban Builders 53,Regional,Mumbai,Maharashtra
DEV0054,Urban Builders 54,Regional,Mumbai,Maharashtra
DEV0055,Urban Builders 55,Regional,Mumbai,Maharashtra
DEV0056,Urban Builders 56,Regional,Mumbai,Maharashtra
DEV0057,Urban Builders 57,Regional,Mumbai,Maharashtra
DEV0058,Urban Builders 58,Regional,Mumbai,Maharashtra
DEV0059,Urban Builders 59,Regional,Mumbai,Maharashtra
DEV0060,Urban Builders 60,Regional,Mumbai,Maharashtra
DEV0061,Urban Builders 61,Regional,Mumbai,Maharashtra
DEV0062,Urban Builders 62,Regional,Mumbai,Maharashtra
DEV0063,Urban Builders 63,Regional,Mumbai,Maharashtra
DEV0064,Urban Builders 64,Regional,Mumbai,Maharashtra
DEV0065,Urban Builders 65,Regional,Mumbai,Maharashtra
DEV0066,Urban Builders 66,Regional,Mumbai,Maharashtra
DEV0067,Urban Builders 67,Regional,Mumbai,Maharashtra
DEV0068,Urban Builders 68,Regional,Mumbai,Maharashtra
DEV0069,Urban Builders 69,Regional,Mumbai,Maharashtra
DEV0070,Urban Builders 70,Regional,Mumbai,Maharashtra
DEV0071,Urban Builders 71,Regional,Mumbai,Maharashtra
DEV0072,Urban Builders 72,Regional,Mumbai,Maharashtra
DEV0073,Urban Builders 73,Regional,Mumbai,Maharashtra
DEV0074,Urban Builders 74,Regional,Mumbai,Maharashtra
DEV0075,Urban Builders 75,Regional,Mumbai,Maharashtra
DEV0076,Urban Builders 76,Regional,Mumbai,Maharashtra
DEV0077,Urban Builders 77,Regional,Mumbai,Maharashtra
DEV0078,Urban Builders 78,Regional,Mumbai,Maharashtra
DEV0079,Urban Builders 79,Regional,Mumbai,Maharashtra
DEV0080,Urban Builders 80,Regional,Mumbai,Maharashtra
DEV0081,Urban Builders 81,Regional,Mumbai,Maharashtra
DEV0082,Urban Builders 82,Regional,Mumbai,Maharashtra
DEV0083,Urban Builders 83,Regional,Mumbai,Maharashtra
DEV0084,Urban Builders 84,Regional,Mumbai,Maharashtra
DEV0085,Urban Builders 85,Regional,Mumbai,Maharashtra
DEV0086,Urban Builders 86,Regional,Mumbai,Maharashtra
DEV0087,Urban Builders 87,Regional,Mumbai,Maharashtra
DEV0088,Urban Builders 88,Regional,Mumbai,Maharashtra
DEV0089,Urban Builders 89,Regional,Mumbai,Maharashtra
DEV0090,Urban Builders 90,Regional,Mumbai,Maharashtra
DEV0091,Urban Builders 91,Regional,Mumbai,Maharashtra
DEV0092,Urban Builders 92,Regional,Mumbai,Maharashtra
DEV0093,Urban Builders 93,Regional,Mumbai,Maharashtra
DEV0094,Urban Builders 94,Regional,Mumbai,Maharashtra
DEV0095,Urban Builders 95,Regional,Mumbai,Maharashtra
DEV0096,Urban Builders 96,Regional,Mumbai,Maharashtra
DEV0097,Urban Builders 97,Regional,Mumbai,Maharashtra
DEV0098,Urban Builders 98,Regional,Mumbai,Maharashtra
DEV0099,Urban Builders 99,Regional,Mumbai,Maharashtra
DEV0100,Urban Builders 100,Regional,Mumbai,Maharashtra
DEV0101,Urban Builders 101,Regional,Mumbai,Maharashtra
DEV0102,Urban Builders 102,Regional,Mumbai,Maharashtra
DEV0103,Urban Builders 103,Regional,Mumbai,Maharashtra
DEV0104,Urban Builders 104,Regional,Mumbai,Maharashtra
DEV0105,Urban Builders 105,Regional,Mumbai,Maharashtra
DEV0106,Urban Builders 106,Regional,Mumbai,Maharashtra
DEV0107,Urban Builders 107,Regional,Mumbai,Maharashtra
DEV0108,Urban Builders 108,Regional,Mumbai,Maharashtra
DEV0109,Urban Builders 109,Regional,Mumbai,Maharashtra
DEV0110,Urban Builders 110,Regional,Mumbai,Maharashtra
DEV0111,Urban Builders 111,Regional,Mumbai,Maharashtra
DEV0112,Urban Builders 112,Regional,Mumbai,Maharashtra
DEV0113,Urban Builders 113,Regional,Mumbai,Maharashtra
DEV0114,Urban Builders 114,Regional,Mumbai,Maharashtra
DEV0115,Urban Builders 115,Regional,Mumbai,Maharashtra
DEV0116,Urban Builders 116,Regional,Mumbai,Maharashtra
DEV0117,Urban Builders 117,Regional,Mumbai,Maharashtra
DEV0118,Urban Builders 118,Regional,Mumbai,Maharashtra
DEV0119,Urban Builders 119,Regional,Mumbai,Maharashtra
DEV0120,Urban Builders 120,Regional,Mumbai,Maharashtra
DEV0121,Urban Builders 121,Regional,Mumbai,Maharashtra
DEV0122,Urban Builders 122,Regional,Mumbai,Maharashtra
DEV0123,Urban Builders 123,Regional,Mumbai,Maharashtra
DEV0124,Urban Builders 124,Regional,Mumbai,Maharashtra
DEV0125,Urban Builders 125,Regional,Mumbai,Maharashtra
DEV0126,Urban Builders 126,Regional,Mumbai,Maharashtra
DEV0127,Urban Builders 127,Regional,Mumbai,Maharashtra
DEV0128,Urban Builders 128,Regional,Mumbai,Maharashtra
DEV0129,Urban Builders 129,Regional,Mumbai,Maharashtra
DEV0130,Urban Builders 130,Regional,Mumbai,Maharashtra
DEV0131,Urban Builders 131,Regional,Mumbai,Maharashtra
DEV0132,Urban Builders 132,Regional,Mumbai,Maharashtra
DEV0133,Urban Builders 133,Regional,Mumbai,Maharashtra
DEV0134,Urban Builders 134,Regional,Mumbai,Maharashtra
DEV0135,Urban Builders 135,Regional,Mumbai,Maharashtra
DEV0136,Urban Builders 136,Regional,Mumbai,Maharashtra
DEV0137,Urban Builders 137,Regional,Mumbai,Maharashtra
DEV0138,Urban Builders 138,Regional,Mumbai,Maharashtra
DEV0139,Urban Builders 139,Regional,Mumbai,Maharashtra
DEV0140,Urban Builders 140,Regional,Mumbai,Maharashtra
DEV0141,Urban Builders 141,Regional,Mumbai,Maharashtra
DEV0142,Urban Builders 142,Regional,Mumbai,Maharashtra
DEV0143,Urban Builders 143,Regional,Mumbai,Maharashtra
DEV0144,Urban Builders 144,Regional,Mumbai,Maharashtra
DEV0145,Urban Builders 145,Regional,Mumbai,Maharashtra
DEV0146,Urban Builders 146,Regional,Mumbai,Maharashtra
DEV0147,Urban Builders 147,Regional,Mumbai,Maharashtra
DEV0148,Urban Builders 148,Regional,Mumbai,Maharashtra
DEV0149,Urban Builders 149,Regional,Mumbai,Maharashtra
DEV0150,Urban Builders 150,Regional,Mumbai,Maharashtra
DEV0151,Urban Builders 151,Regional,Mumbai,Maharashtra
DEV0152,Urban Builders 152,Regional,Mumbai,Maharashtra
DEV0153,Urban Builders 153,Regional,Mumbai,Maharashtra
DEV0154,Urban Builders 154,Regional,Mumbai,Maharashtra
DEV0155,Urban Builders 155,Regional,Mumbai,Maharashtra
DEV0156,Urban Builders 156,Regional,Mumbai,Maharashtra
DEV0157,Urban Builders 157,Regional,Mumbai,Maharashtra
DEV0158,Urban Builders 158,Regional,Mumbai,Maharashtra
DEV0159,Urban Builders 159,Regional,Mumbai,Maharashtra
DEV0160,Urban Builders 160,Regional,Mumbai,Maharashtra
DEV0161,Urban Builders 161,Regional,Mumbai,Maharashtra
DEV0162,Urban Builders 162,Regional,Mumbai,Maharashtra
DEV0163,Urban Builders 163,Regional,Mumbai,Maharashtra
DEV0164,Urban Builders 164,Regional,Mumbai,Maharashtra
DEV0165,Urban Builders 165,Regional,Mumbai,Maharashtra
DEV0166,Urban Builders 166,Regional,Mumbai,Maharashtra
DEV0167,Urban Builders 167,Regional,Mumbai,Maharashtra
DEV0168,Urban Builders 168,Regional,Mumbai,Maharashtra
DEV0169,Urban Builders 169,Regional,Mumbai,Maharashtra
DEV0170,Urban Builders 170,Regional,Mumbai,Maharashtra
DEV0171,Urban Builders 171,Regional,Mumbai,Maharashtra
DEV0172,Urban Builders 172,Regional,Mumbai,Maharashtra
DEV0173,Urban Builders 173,Regional,Mumbai,Maharashtra
DEV0174,Urban Builders 174,Regional,Mumbai,Maharashtra
DEV0175,Urban Builders 175,Regional,Mumbai,Maharashtra
DEV0176,Urban Builders 176,Regional,Mumbai,Maharashtra
DEV0177,Urban Builders 177,Regional,Mumbai,Maharashtra
DEV0178,Urban Builders 178,Regional,Mumbai,Maharashtra
DEV0179,Urban Builders 179,Regional,Mumbai,Maharashtra
DEV0180,Urban Builders 180,Regional,Mumbai,Maharashtra
DEV0181,Urban Builders 181,Regional,Mumbai,Maharashtra
DEV0182,Urban Builders 182,Regional,Mumbai,Maharashtra
DEV0183,Urban Builders 183,Regional,Mumbai,Maharashtra
DEV0184,Urban Builders 184,Regional,Mumbai,Maharashtra
DEV0185,Urban Builders 185,Regional,Mumbai,Maharashtra
DEV0186,Urban Builders 186,Regional,Mumbai,Maharashtra
DEV0187,Urban Builders 187,Regional,Mumbai,Maharashtra
DEV0188,Urban Builders 188,Regional,Mumbai,Maharashtra
DEV0189,Urban Builders 189,Regional,Mumbai,Maharashtra
DEV0190,Urban Builders 190,Regional,Mumbai,Maharashtra
DEV0191,Urban Builders 191,Regional,Mumbai,Maharashtra
DEV0192,Urban Builders 192,Regional,Mumbai,Maharashtra
DEV0193,Urban Builders 193,Regional,Mumbai,Maharashtra
DEV0194,Urban Builders 194,Regional,Mumbai,Maharashtra
DEV0195,Urban Builders 195,Regional,Mumbai,Maharashtra
DEV0196,Urban Builders 196,Regional,Mumbai,Maharashtra
DEV0197,Urban Builders 197,Regional,Mumbai,Maharashtra
DEV0198,Urban Builders 198,Regional,Mumbai,Maharashtra
DEV0199,Urban Builders 199,Regional,Mumbai,Maharashtra
DEV0200,Urban Builders 200,Regional,Mumbai,Maharashtra
