Mall_ID,Mall_Name,State_Name,City_Name,Locality_Name,Mall_Type,Floors,Total_Shops,Parking_Capacity,Food_Court,Multiplex,Hypermarket,Rating,Reviews,Opening_Year
MALL000001,Ambience Mall,Delhi,New Delhi,Sector 39,Luxury,6,361,2196,No,Yes,No,4.8,29349,2014
MALL000002,Urban Galleria,Tamil Nadu,Chennai,Sector 30,Luxury,4,442,2461,No,No,Yes,4.2,19211,2000
MALL000003,Urban Galleria,Maharashtra,Pune,Sector 7,Luxury,5,171,1881,Yes,Yes,Yes,4.4,3965,2003
MALL000004,Grand Square Mall,Tamil Nadu,Chennai,Sector 59,Community,6,168,2130,No,No,No,4.4,36577,2021
MALL000005,Grand Square Mall,Telangana,Hyderabad,Sector 51,Community,8,494,2223,Yes,Yes,Yes,3.8,25129,2000
MALL000006,Urban Galleria,Maharashtra,Pune,Sector 60,Regional,2,436,2442,No,No,Yes,4.1,30182,2009
MALL000007,Metro Plaza,Delhi,New Delhi,Sector 2,Luxury,8,156,2585,No,Yes,Yes,4.7,2870,2004
MALL000008,Urban Galleria,Telangana,Hyderabad,Sector 6,Luxury,4,482,1403,No,No,Yes,4.3,22545,2006
MALL000009,Urban Galleria,Karnataka,Bengaluru,Sector 35,Luxury,8,361,615,Yes,Yes,No,4.0,49880,2018
MALL000010,Urban Galleria,Tamil Nadu,Chennai,Sector 3,Regional,2,373,1546,Yes,Yes,Yes,4.5,5412,2017
MALL000011,City Centre Mall,Karnataka,Bengaluru,Sector 25,Regional,6,336,2863,No,No,Yes,4.3,13296,2006
MALL000012,City Centre Mall,Tamil Nadu,Chennai,Sector 43,Regional,3,151,1370,Yes,Yes,Yes,4.1,48912,2019
MALL000013,Urban Galleria,Tamil Nadu,Chennai,Sector 36,Luxury,3,422,885,Yes,No,No,4.4,1390,2014
MALL000014,Grand Square Mall,Karnataka,Bengaluru,Sector 12,Premium,5,499,1470,No,No,Yes,4.7,7073,2018
MALL000015,City Centre Mall,Tamil Nadu,Chennai,Sector 9,Regional,4,424,2854,Yes,Yes,Yes,3.7,32475,2023
MALL000016,Grand Square Mall,Tamil Nadu,Chennai,Sector 2,Luxury,5,122,2214,No,No,No,4.4,24365,2014
MALL000017,Metro Plaza,Delhi,New Delhi,Sector 16,Community,5,221,2500,No,Yes,No,4.9,24628,2000
MALL000018,Royal Mall,Delhi,New Delhi,Sector 72,Premium,4,291,1456,Yes,Yes,No,4.6,15431,2014
MALL000019,City Centre Mall,Telangana,Hyderabad,Sector 11,Luxury,2,228,2122,No,Yes,No,3.7,38564,2020
MALL000020,Lulu Mall,Delhi,New Delhi,Sector 56,Regional,4,347,949,Yes,Yes,Yes,4.3,9104,2023
MALL000021,City Centre Mall,Delhi,New Delhi,Sector 75,Premium,2,84,923,Yes,No,Yes,4.1,6037,2010
MALL000022,Grand Square Mall,Delhi,New Delhi,Sector 24,Premium,6,147,2347,Yes,No,Yes,5.0,19544,2009
MALL000023,Grand Square Mall,Karnataka,Bengaluru,Sector 32,Premium,7,114,1519,Yes,Yes,No,4.7,41834,2016
MALL000024,Urban Galleria,Telangana,Hyderabad,Sector 13,Luxury,2,431,589,Yes,No,Yes,4.7,47460,2003
MALL000025,Lulu Mall,Karnataka,Bengaluru,Sector 66,Premium,8,358,655,No,Yes,No,4.8,28174,2018
MALL000026,Metro Plaza,Telangana,Hyderabad,Sector 50,Luxury,6,245,1116,No,No,No,4.9,28422,2000
MALL000027,Metro Plaza,Tamil Nadu,Chennai,Sector 79,Luxury,2,122,2281,Yes,Yes,No,4.8,2833,2015
MALL000028,Royal Mall,Tamil Nadu,Chennai,Sector 45,Regional,4,360,743,No,Yes,Yes,3.9,36485,2001
MALL000029,Lulu Mall,Maharashtra,Mumbai,Sector 52,Luxury,2,178,550,Yes,Yes,Yes,4.8,44985,2020
MALL000030,Grand Square Mall,Tamil Nadu,Chennai,Sector 58,Community,3,428,1317,No,No,Yes,4.0,37776,2006
MALL000031,City Centre Mall,Karnataka,Bengaluru,Sector 16,Luxury,6,223,1659,No,No,Yes,4.9,17818,2024
MALL000032,Ambience Mall,Maharashtra,Mumbai,Sector 59,Regional,2,500,1857,No,Yes,Yes,4.9,5031,2009
MALL000033,Royal Mall,Maharashtra,Mumbai,Sector 42,Regional,8,115,1551,No,No,Yes,3.6,13954,2025
MALL000034,DLF Mall of India,Maharashtra,Pune,Sector 28,Regional,3,62,221,Yes,Yes,Yes,4.1,45752,2007
MALL000035,Grand Square Mall,Delhi,New Delhi,Sector 63,Luxury,3,418,2740,No,Yes,No,4.8,47754,2005
MALL000036,Royal Mall,Maharashtra,Mumbai,Sector 63,Luxury,6,95,2789,No,Yes,Yes,4.1,24145,2024
MALL000037,Royal Mall,Maharashtra,Mumbai,Sector 58,Premium,6,462,2045,Yes,No,No,4.3,33861,1995
MALL000038,Royal Mall,Telangana,Hyderabad,Sector 30,Premium,7,335,1358,No,Yes,No,3.6,29553,2010
MALL000039,City Centre Mall,Karnataka,Bengaluru,Sector 36,Premium,4,422,2255,No,Yes,Yes,4.3,48372,2003
MALL000040,VR Mall,Tamil Nadu,Chennai,Sector 50,Luxury,5,419,1512,No,Yes,No,4.2,32619,2022
MALL000041,Ambience Mall,Tamil Nadu,Chennai,Sector 63,Regional,8,72,2192,Yes,Yes,Yes,4.8,14204,2024
MALL000042,Urban Galleria,Maharashtra,Pune,Sector 14,Regional,2,238,1240,No,Yes,Yes,4.7,5578,2011
MALL000043,Metro Plaza,Karnataka,Bengaluru,Sector 19,Regional,8,195,2982,Yes,Yes,No,3.6,33300,2006
MALL000044,Grand Square Mall,Tamil Nadu,Chennai,Sector 5,Regional,5,307,2852,Yes,No,Yes,4.7,38802,2024
MALL000045,Urban Galleria,Telangana,Hyderabad,Sector 70,Premium,6,319,1097,Yes,No,Yes,3.6,45720,1996
MALL000046,Royal Mall,Karnataka,Bengaluru,Sector 22,Community,6,332,2987,Yes,No,Yes,4.8,22057,2025
MALL000047,Grand Square Mall,Karnataka,Bengaluru,Sector 6,Luxury,4,73,1913,No,No,No,4.5,43370,1997
MALL000048,Lulu Mall,Karnataka,Bengaluru,Sector 77,Premium,7,423,368,Yes,Yes,No,4.7,38720,2011
MALL000049,VR Mall,Maharashtra,Pune,Sector 47,Regional,4,496,723,No,No,No,4.5,27839,1997
MALL000050,Royal Mall,Maharashtra,Pune,Sector 26,Regional,4,280,1570,Yes,Yes,No,4.2,43045,2016
MALL000051,Grand Square Mall,Maharashtra,Pune,Sector 26,Premium,3,309,684,Yes,Yes,No,4.1,920,2008
MALL000052,DLF Mall of India,Telangana,Hyderabad,Sector 42,Premium,6,242,2982,No,Yes,Yes,4.9,2131,2025
MALL000053,Royal Mall,Telangana,Hyderabad,Sector 43,Premium,6,355,2573,Yes,Yes,No,4.5,23721,2001
MALL000054,Grand Square Mall,Telangana,Hyderabad,Sector 79,Luxury,3,147,1732,No,Yes,Yes,4.4,24373,2013
MALL000055,Urban Galleria,Delhi,New Delhi,Sector 30,Luxury,7,296,1318,Yes,Yes,No,3.7,27390,2004
MALL000056,Urban Galleria,Delhi,New Delhi,Sector 12,Luxury,6,443,2764,Yes,No,Yes,4.5,37406,2007
MALL000057,VR Mall,Maharashtra,Pune,Sector 31,Community,6,462,2191,Yes,Yes,Yes,4.2,32577,2007
MALL000058,Royal Mall,Telangana,Hyderabad,Sector 78,Regional,6,375,2513,No,Yes,Yes,5.0,12636,1999
MALL000059,Metro Plaza,Maharashtra,Mumbai,Sector 49,Community,7,309,2829,Yes,Yes,No,4.9,44350,2025
MALL000060,City Centre Mall,Karnataka,Bengaluru,Sector 59,Luxury,4,394,1275,Yes,Yes,No,4.9,8915,2000
MALL000061,Ambience Mall,Delhi,New Delhi,Sector 62,Luxury,3,293,728,No,No,No,4.4,29019,2018
MALL000062,Phoenix Marketcity,Tamil Nadu,Chennai,Sector 13,Luxury,8,150,2989,No,No,Yes,4.5,32001,2018
MALL000063,DLF Mall of India,Karnataka,Bengaluru,Sector 44,Luxury,2,440,1227,No,No,No,3.6,12257,2003
MALL000064,Urban Galleria,Tamil Nadu,Chennai,Sector 76,Regional,4,52,1600,No,No,Yes,3.7,5033,1998
MALL000065,City Centre Mall,Maharashtra,Pune,Sector 45,Premium,5,162,2374,No,No,No,4.9,23344,2011
MALL000066,Metro Plaza,Maharashtra,Pune,Sector 25,Community,7,98,617,No,Yes,Yes,4.8,23649,2008
MALL000067,Phoenix Marketcity,Maharashtra,Pune,Sector 36,Luxury,4,320,1206,Yes,No,Yes,4.8,14713,2014
MALL000068,Phoenix Marketcity,Telangana,Hyderabad,Sector 56,Premium,2,102,2109,No,Yes,No,4.7,1300,2002
MALL000069,Metro Plaza,Telangana,Hyderabad,Sector 56,Luxury,6,393,300,No,No,Yes,3.6,2001,2005
MALL000070,Metro Plaza,Tamil Nadu,Chennai,Sector 51,Luxury,3,490,911,No,No,No,3.6,22211,1996
MALL000071,Royal Mall,Maharashtra,Pune,Sector 71,Regional,2,158,543,Yes,No,No,4.1,26962,2000
MALL000072,Grand Square Mall,Delhi,New Delhi,Sector 46,Community,3,261,2715,Yes,Yes,Yes,4.2,38329,2002
MALL000073,Grand Square Mall,Telangana,Hyderabad,Sector 76,Luxury,7,473,2195,Yes,No,No,4.4,36754,2001
MALL000074,Urban Galleria,Telangana,Hyderabad,Sector 35,Luxury,2,280,445,No,Yes,Yes,3.5,2971,2015
MALL000075,Grand Square Mall,Maharashtra,Mumbai,Sector 10,Luxury,6,444,1987,Yes,Yes,No,4.0,48619,2002
MALL000076,Urban Galleria,Delhi,New Delhi,Sector 22,Premium,8,420,2335,No,No,No,4.1,45687,2023
MALL000077,Urban Galleria,Delhi,New Delhi,Sector 6,Luxury,4,449,2576,Yes,Yes,No,4.0,48396,2025
MALL000078,City Centre Mall,Tamil Nadu,Chennai,Sector 45,Community,2,55,1062,No,Yes,No,3.6,39205,2021
MALL000079,Metro Plaza,Delhi,New Delhi,Sector 20,Luxury,4,325,2758,Yes,Yes,Yes,3.6,29636,2011
MALL000080,Royal Mall,Telangana,Hyderabad,Sector 48,Regional,5,170,593,No,No,No,4.1,41914,2012
MALL000081,DLF Mall of India,Delhi,New Delhi,Sector 75,Regional,3,398,1798,Yes,No,Yes,4.4,38440,2020
MALL000082,Urban Galleria,Karnataka,Bengaluru,Sector 69,Community,7,332,1061,Yes,No,No,3.9,22286,2004
MALL000083,Metro Plaza,Maharashtra,Mumbai,Sector 64,Luxury,6,360,2295,Yes,No,Yes,4.2,359,2021
MALL000084,Grand Square Mall,Delhi,New Delhi,Sector 5,Luxury,5,176,2862,No,Yes,No,4.6,26021,1999
MALL000085,Grand Square Mall,Karnataka,Bengaluru,Sector 20,Community,6,315,1782,Yes,No,No,4.9,47180,1999
MALL000086,Ambience Mall,Tamil Nadu,Chennai,Sector 63,Luxury,5,255,2420,No,No,No,4.4,31336,2005
MALL000087,Urban Galleria,Karnataka,Bengaluru,Sector 8,Regional,8,271,2844,Yes,No,No,4.7,17811,2020
MALL000088,Metro Plaza,Karnataka,Bengaluru,Sector 53,Regional,7,304,742,Yes,No,No,3.8,8051,2023
MALL000089,City Centre Mall,Delhi,New Delhi,Sector 62,Community,4,104,2494,Yes,No,Yes,4.6,49181,1997
MALL000090,Urban Galleria,Delhi,New Delhi,Sector 66,Regional,8,84,1909,Yes,No,Yes,4.5,19494,2021
MALL000091,Royal Mall,Tamil Nadu,Chennai,Sector 67,Premium,6,475,2989,No,No,Yes,4.3,28626,2022
MALL000092,Urban Galleria,Delhi,New Delhi,Sector 68,Premium,2,245,2068,No,No,Yes,4.1,33369,2002
MALL000093,VR Mall,Delhi,New Delhi,Sector 17,Premium,6,427,1680,Yes,No,No,5.0,3498,2008
MALL000094,DLF Mall of India,Karnataka,Bengaluru,Sector 64,Premium,6,384,1983,Yes,Yes,No,4.1,23689,2001
MALL000095,City Centre Mall,Telangana,Hyderabad,Sector 17,Regional,4,439,1492,No,No,No,4.6,16999,2007
MALL000096,Urban Galleria,Telangana,Hyderabad,Sector 26,Premium,8,500,2841,No,Yes,No,4.2,33165,2017
MALL000097,Metro Plaza,Maharashtra,Pune,Sector 51,Premium,7,94,2188,No,No,No,4.4,18536,2014
MALL000098,City Centre Mall,Telangana,Hyderabad,Sector 78,Premium,8,182,1550,No,Yes,Yes,4.0,27719,2016
MALL000099,Urban Galleria,Tamil Nadu,Chennai,Sector 16,Luxury,2,82,1729,No,No,Yes,4.3,7593,1996
MALL000100,Urban Galleria,Delhi,New Delhi,Sector 32,Community,4,453,896,Yes,Yes,Yes,3.8,42849,2016
MALL000101,City Centre Mall,Maharashtra,Mumbai,Sector 35,Luxury,8,369,868,Yes,Yes,No,4.1,10708,1996
MALL000102,Lulu Mall,Karnataka,Bengaluru,Sector 18,Premium,5,429,2361,Yes,No,No,5.0,9915,2001
MALL000103,Grand Square Mall,Karnataka,Bengaluru,Sector 59,Luxury,7,289,2631,No,No,No,4.1,44413,2019
MALL000104,Metro Plaza,Delhi,New Delhi,Sector 64,Luxury,8,355,402,Yes,No,No,4.6,25490,2014
MALL000105,Metro Plaza,Tamil Nadu,Chennai,Sector 71,Luxury,8,147,350,No,Yes,No,4.2,39711,1998
MALL000106,Royal Mall,Karnataka,Bengaluru,Sector 11,Regional,2,221,871,No,No,No,3.7,42352,2018
MALL000107,Grand Square Mall,Delhi,New Delhi,Sector 69,Regional,7,221,1677,Yes,Yes,Yes,4.2,25118,2000
MALL000108,Grand Square Mall,Karnataka,Bengaluru,Sector 40,Community,2,317,1887,No,No,Yes,4.2,26100,2001
MALL000109,Metro Plaza,Maharashtra,Pune,Sector 29,Community,7,487,1665,No,No,Yes,4.8,2168,2020
MALL000110,City Centre Mall,Telangana,Hyderabad,Sector 14,Regional,7,111,1581,No,Yes,No,4.9,46701,2016
MALL000111,City Centre Mall,Tamil Nadu,Chennai,Sector 34,Luxury,4,150,1932,Yes,Yes,Yes,4.7,29289,2009
MALL000112,Metro Plaza,Telangana,Hyderabad,Sector 48,Luxury,8,107,1940,Yes,Yes,Yes,4.9,8367,2012
MALL000113,Phoenix Marketcity,Maharashtra,Pune,Sector 71,Luxury,8,499,651,Yes,Yes,Yes,4.1,14024,2017
MALL000114,Phoenix Marketcity,Telangana,Hyderabad,Sector 13,Community,8,492,2541,No,Yes,Yes,3.9,4170,2004
MALL000115,Metro Plaza,Maharashtra,Mumbai,Sector 5,Luxury,4,216,1863,No,Yes,No,3.5,5757,2025
MALL000116,Royal Mall,Delhi,New Delhi,Sector 10,Luxury,4,104,538,No,Yes,Yes,4.5,46473,1999
MALL000117,Grand Square Mall,Maharashtra,Pune,Sector 29,Community,7,183,2652,No,Yes,Yes,3.9,28896,2006
MALL000118,Urban Galleria,Tamil Nadu,Chennai,Sector 3,Community,8,291,2490,No,No,No,3.6,3409,2011
MALL000119,Grand Square Mall,Tamil Nadu,Chennai,Sector 39,Luxury,3,70,1528,Yes,Yes,Yes,3.9,11836,2006
MALL000120,Royal Mall,Karnataka,Bengaluru,Sector 21,Regional,8,338,1231,No,No,No,3.5,20221,2001
MALL000121,Urban Galleria,Maharashtra,Mumbai,Sector 67,Premium,6,310,1784,Yes,Yes,No,4.1,1357,2024
MALL000122,Royal Mall,Tamil Nadu,Chennai,Sector 36,Premium,8,161,785,No,Yes,Yes,4.8,23064,2001
MALL000123,VR Mall,Telangana,Hyderabad,Sector 10,Luxury,7,306,542,No,No,Yes,4.4,21655,2024
MALL000124,Metro Plaza,Telangana,Hyderabad,Sector 25,Premium,4,484,1489,No,No,Yes,3.9,43329,2024
MALL000125,Metro Plaza,Maharashtra,Mumbai,Sector 79,Community,5,159,377,No,Yes,No,4.6,26031,2006
MALL000126,Urban Galleria,Karnataka,Bengaluru,Sector 52,Community,7,455,997,Yes,Yes,Yes,5.0,48115,1998
MALL000127,Phoenix Marketcity,Tamil Nadu,Chennai,Sector 52,Regional,8,480,1926,Yes,Yes,No,4.3,24211,2000
MALL000128,Phoenix Marketcity,Telangana,Hyderabad,Sector 31,Premium,2,369,1783,No,Yes,No,3.8,47918,2019
MALL000129,Urban Galleria,Tamil Nadu,Chennai,Sector 4,Regional,6,437,1132,Yes,No,Yes,4.1,47679,1997
MALL000130,Phoenix Marketcity,Delhi,New Delhi,Sector 4,Regional,2,391,1082,Yes,No,Yes,3.7,38207,2003
MALL000131,Urban Galleria,Delhi,New Delhi,Sector 55,Community,8,227,1604,No,No,Yes,4.5,49886,2006
MALL000132,Urban Galleria,Delhi,New Delhi,Sector 57,Regional,7,285,1902,No,No,Yes,4.6,10973,2024
MALL000133,Grand Square Mall,Delhi,New Delhi,Sector 16,Regional,8,326,1934,No,No,Yes,4.2,12535,2025
MALL000134,DLF Mall of India,Maharashtra,Pune,Sector 8,Regional,2,435,1886,Yes,No,No,4.8,44973,2024
MALL000135,Ambience Mall,Karnataka,Bengaluru,Sector 35,Premium,6,496,573,No,Yes,No,4.6,18071,2002
MALL000136,Grand Square Mall,Karnataka,Bengaluru,Sector 69,Community,3,246,1073,No,No,No,4.0,12191,2011
MALL000137,Metro Plaza,Telangana,Hyderabad,Sector 9,Regional,5,351,237,Yes,No,No,3.8,44101,2018
MALL000138,Metro Plaza,Tamil Nadu,Chennai,Sector 58,Community,7,200,2051,Yes,Yes,Yes,3.6,47012,2008
MALL000139,Phoenix Marketcity,Maharashtra,Pune,Sector 27,Premium,5,380,273,No,Yes,Yes,3.6,42994,2013
MALL000140,Metro Plaza,Telangana,Hyderabad,Sector 57,Luxury,5,242,2467,Yes,Yes,Yes,4.3,40648,2009
MALL000141,Royal Mall,Maharashtra,Mumbai,Sector 49,Regional,8,187,423,No,No,No,3.9,12082,1997
MALL000142,Metro Plaza,Telangana,Hyderabad,Sector 65,Luxury,3,62,2917,Yes,Yes,Yes,3.8,9851,2002
MALL000143,VR Mall,Delhi,New Delhi,Sector 66,Luxury,4,150,1818,Yes,Yes,Yes,4.5,12437,1996
MALL000144,Phoenix Marketcity,Karnataka,Bengaluru,Sector 57,Premium,6,254,697,No,Yes,No,3.8,47014,2023
MALL000145,Grand Square Mall,Delhi,New Delhi,Sector 15,Luxury,3,431,1379,No,Yes,Yes,4.0,35641,2020
MALL000146,Phoenix Marketcity,Karnataka,Bengaluru,Sector 21,Premium,4,160,2631,No,Yes,Yes,3.9,43414,1996
MALL000147,Grand Square Mall,Tamil Nadu,Chennai,Sector 5,Premium,4,278,1220,No,No,No,3.7,12183,1999
MALL000148,Royal Mall,Karnataka,Bengaluru,Sector 45,Premium,5,419,2700,Yes,Yes,No,4.1,2977,2022
MALL000149,Phoenix Marketcity,Karnataka,Bengaluru,Sector 61,Regional,4,199,359,No,Yes,Yes,4.5,15301,2008
MALL000150,Royal Mall,Delhi,New Delhi,Sector 27,Community,2,263,610,Yes,Yes,No,3.6,23231,2002
MALL000151,Royal Mall,Karnataka,Bengaluru,Sector 3,Regional,2,308,1320,Yes,No,No,4.0,23372,2005
MALL000152,City Centre Mall,Karnataka,Bengaluru,Sector 20,Regional,5,445,1403,No,Yes,No,4.6,39053,2009
MALL000153,Royal Mall,Karnataka,Bengaluru,Sector 70,Luxury,3,179,2559,Yes,No,Yes,4.9,48832,2003
MALL000154,Lulu Mall,Karnataka,Bengaluru,Sector 44,Regional,2,175,1605,Yes,No,Yes,3.7,31732,2016
MALL000155,Royal Mall,Maharashtra,Mumbai,Sector 39,Regional,5,116,2510,No,No,Yes,4.4,2655,2002
MALL000156,Urban Galleria,Tamil Nadu,Chennai,Sector 29,Premium,8,114,2367,Yes,No,No,3.8,46278,2001
MALL000157,Ambience Mall,Delhi,New Delhi,Sector 33,Regional,8,99,2981,No,Yes,Yes,4.7,4120,2013
MALL000158,Lulu Mall,Telangana,Hyderabad,Sector 37,Premium,3,162,1409,No,No,No,4.1,19363,2020
MALL000159,Ambience Mall,Telangana,Hyderabad,Sector 50,Community,8,479,1725,No,Yes,No,4.1,18456,2019
MALL000160,City Centre Mall,Maharashtra,Pune,Sector 41,Regional,4,291,2460,No,Yes,No,5.0,29390,2001
MALL000161,Grand Square Mall,Maharashtra,Mumbai,Sector 64,Regional,3,392,659,Yes,No,No,4.0,6684,2006
MALL000162,Metro Plaza,Karnataka,Bengaluru,Sector 26,Premium,2,356,1920,No,No,No,4.3,17471,2015
MALL000163,Grand Square Mall,Maharashtra,Pune,Sector 4,Regional,6,110,1718,Yes,Yes,Yes,3.9,8416,1998
MALL000164,Royal Mall,Tamil Nadu,Chennai,Sector 55,Regional,3,73,300,No,Yes,No,4.6,49468,2013
MALL000165,City Centre Mall,Maharashtra,Pune,Sector 53,Community,7,154,2732,No,No,Yes,3.6,17306,2000
MALL000166,Grand Square Mall,Maharashtra,Pune,Sector 64,Regional,6,242,1911,Yes,Yes,Yes,4.1,1132,1996
MALL000167,Grand Square Mall,Tamil Nadu,Chennai,Sector 36,Luxury,5,123,1918,No,No,Yes,4.8,12399,2016
MALL000168,Royal Mall,Telangana,Hyderabad,Sector 32,Regional,3,94,2051,No,No,Yes,4.6,38504,2008
MALL000169,Grand Square Mall,Delhi,New Delhi,Sector 64,Community,5,242,2028,No,Yes,No,4.8,4141,2015
MALL000170,Phoenix Marketcity,Maharashtra,Pune,Sector 56,Luxury,8,275,2932,No,No,Yes,4.2,8308,2011
MALL000171,City Centre Mall,Delhi,New Delhi,Sector 9,Premium,7,385,1207,Yes,No,No,3.6,2715,1997
MALL000172,Royal Mall,Telangana,Hyderabad,Sector 67,Premium,5,307,1281,No,No,No,3.9,1811,2010
MALL000173,Grand Square Mall,Telangana,Hyderabad,Sector 41,Luxury,7,88,2691,No,No,No,4.4,32449,2020
MALL000174,Grand Square Mall,Telangana,Hyderabad,Sector 59,Luxury,3,210,1109,Yes,Yes,No,4.8,31806,2011
MALL000175,Grand Square Mall,Telangana,Hyderabad,Sector 78,Community,6,265,2423,No,No,No,4.2,41361,2003
MALL000176,Urban Galleria,Karnataka,Bengaluru,Sector 19,Regional,8,167,1867,No,No,Yes,4.6,23332,2023
MALL000177,Royal Mall,Karnataka,Bengaluru,Sector 9,Community,8,182,779,Yes,Yes,No,4.9,45417,2014
MALL000178,DLF Mall of India,Tamil Nadu,Chennai,Sector 21,Premium,8,480,1633,Yes,No,No,4.6,39666,2024
MALL000179,Metro Plaza,Telangana,Hyderabad,Sector 62,Luxury,4,444,2056,Yes,No,No,4.2,48947,2011
MALL000180,Metro Plaza,Maharashtra,Pune,Sector 18,Community,8,446,1457,Yes,Yes,No,3.9,11357,2018
MALL000181,Grand Square Mall,Telangana,Hyderabad,Sector 43,Premium,4,277,1134,Yes,Yes,Yes,4.1,32727,2002
MALL000182,Urban Galleria,Maharashtra,Pune,Sector 35,Community,3,479,2041,No,No,Yes,4.5,45149,1999
MALL000183,Metro Plaza,Telangana,Hyderabad,Sector 40,Community,5,361,1396,No,Yes,No,4.1,16499,2024
MALL000184,Royal Mall,Maharashtra,Pune,Sector 32,Luxury,5,393,2847,Yes,No,Yes,4.8,36964,2020
MALL000185,Royal Mall,Maharashtra,Mumbai,Sector 74,Community,6,381,2063,No,Yes,No,3.7,17136,2025
MALL000186,City Centre Mall,Tamil Nadu,Chennai,Sector 1,Premium,5,260,599,Yes,No,Yes,5.0,2150,2021
MALL000187,Grand Square Mall,Maharashtra,Mumbai,Sector 64,Premium,5,82,578,Yes,Yes,Yes,4.9,49596,2002
MALL000188,DLF Mall of India,Telangana,Hyderabad,Sector 35,Luxury,6,241,1880,No,Yes,No,4.2,26311,1997
MALL000189,Urban Galleria,Delhi,New Delhi,Sector 56,Regional,5,79,2997,Yes,No,Yes,3.6,36114,2022
MALL000190,Royal Mall,Maharashtra,Pune,Sector 1,Community,7,485,2738,No,No,Yes,4.8,26609,2016
MALL000191,Royal Mall,Karnataka,Bengaluru,Sector 43,Premium,7,405,2442,Yes,Yes,Yes,3.5,20811,2000
MALL000192,Phoenix Marketcity,Telangana,Hyderabad,Sector 6,Premium,6,58,2508,Yes,Yes,No,3.8,2937,2003
MALL000193,Urban Galleria,Maharashtra,Pune,Sector 31,Community,2,496,1508,No,No,No,4.4,21418,1999
MALL000194,City Centre Mall,Delhi,New Delhi,Sector 52,Regional,3,251,1071,Yes,Yes,No,4.6,32432,1998
MALL000195,Metro Plaza,Delhi,New Delhi,Sector 28,Regional,5,301,1420,Yes,Yes,Yes,4.7,23823,2008
MALL000196,Phoenix Marketcity,Delhi,New Delhi,Sector 36,Regional,3,165,1294,No,Yes,Yes,4.9,8892,2001
MALL000197,Urban Galleria,Delhi,New Delhi,Sector 43,Regional,7,451,556,No,Yes,Yes,4.8,7837,2000
MALL000198,Phoenix Marketcity,Telangana,Hyderabad,Sector 24,Luxury,7,417,1982,Yes,Yes,No,4.8,3760,2009
MALL000199,VR Mall,Delhi,New Delhi,Sector 10,Premium,4,300,1255,Yes,No,No,4.4,17215,2010
MALL000200,VR Mall,Maharashtra,Mumbai,Sector 18,Community,7,108,1791,Yes,No,Yes,3.7,14142,2014
MALL000201,Ambience Mall,Maharashtra,Mumbai,Sector 70,Luxury,7,163,793,Yes,Yes,Yes,3.9,12836,2004
MALL000202,DLF Mall of India,Telangana,Hyderabad,Sector 70,Community,3,258,2126,Yes,No,Yes,4.2,36013,2018
MALL000203,Lulu Mall,Delhi,New Delhi,Sector 39,Premium,4,452,1302,Yes,No,Yes,4.5,49163,2020
MALL000204,Urban Galleria,Telangana,Hyderabad,Sector 12,Regional,2,492,1834,No,Yes,Yes,3.5,44313,2002
MALL000205,City Centre Mall,Karnataka,Bengaluru,Sector 59,Premium,2,357,609,No,No,Yes,3.6,30706,2023
MALL000206,Grand Square Mall,Tamil Nadu,Chennai,Sector 45,Community,7,224,940,No,Yes,No,4.4,25910,2005
MALL000207,Metro Plaza,Tamil Nadu,Chennai,Sector 65,Premium,3,418,606,No,No,Yes,4.1,49801,2002
MALL000208,DLF Mall of India,Karnataka,Bengaluru,Sector 14,Community,4,306,2036,No,No,Yes,4.9,37558,2011
MALL000209,City Centre Mall,Delhi,New Delhi,Sector 62,Premium,5,469,2402,Yes,Yes,No,4.7,27269,2010
MALL000210,City Centre Mall,Delhi,New Delhi,Sector 71,Regional,8,265,407,No,Yes,Yes,3.9,38442,2023
MALL000211,City Centre Mall,Karnataka,Bengaluru,Sector 77,Premium,4,209,464,No,No,Yes,3.8,40583,2019
MALL000212,Metro Plaza,Tamil Nadu,Chennai,Sector 13,Community,2,78,2571,No,Yes,No,4.3,11096,2002
MALL000213,Urban Galleria,Telangana,Hyderabad,Sector 76,Luxury,7,357,367,No,No,No,4.6,49935,2007
MALL000214,City Centre Mall,Tamil Nadu,Chennai,Sector 37,Regional,5,103,2329,No,Yes,No,4.7,15135,2017
MALL000215,Metro Plaza,Delhi,New Delhi,Sector 78,Premium,4,154,2119,Yes,Yes,No,4.9,49011,2011
MALL000216,Urban Galleria,Delhi,New Delhi,Sector 69,Community,2,278,1841,No,No,No,3.8,11371,2021
MALL000217,Metro Plaza,Maharashtra,Pune,Sector 35,Premium,5,102,1308,No,No,Yes,4.9,31613,2018
MALL000218,Grand Square Mall,Telangana,Hyderabad,Sector 70,Community,3,267,732,No,No,No,3.5,31337,2018
MALL000219,Royal Mall,Maharashtra,Mumbai,Sector 22,Regional,4,60,2833,Yes,No,No,4.1,45522,2018
MALL000220,Metro Plaza,Karnataka,Bengaluru,Sector 40,Luxury,5,367,600,No,Yes,No,4.9,37661,1999
MALL000221,DLF Mall of India,Delhi,New Delhi,Sector 32,Luxury,3,263,1563,No,Yes,No,3.7,49848,2015
MALL000222,Urban Galleria,Delhi,New Delhi,Sector 16,Regional,3,121,1856,No,No,No,4.7,11942,2012
MALL000223,Urban Galleria,Karnataka,Bengaluru,Sector 3,Community,5,498,2912,No,No,No,4.5,10456,2000
MALL000224,City Centre Mall,Telangana,Hyderabad,Sector 11,Premium,3,453,2735,No,Yes,No,3.7,33763,2011
MALL000225,Metro Plaza,Maharashtra,Pune,Sector 22,Premium,4,400,2984,Yes,Yes,No,3.6,42471,2014
MALL000226,Grand Square Mall,Maharashtra,Pune,Sector 50,Luxury,6,87,1026,No,No,Yes,4.7,27196,2003
MALL000227,Grand Square Mall,Maharashtra,Mumbai,Sector 15,Premium,8,213,1834,No,Yes,Yes,4.2,34580,2011
MALL000228,City Centre Mall,Maharashtra,Mumbai,Sector 9,Premium,3,98,896,No,Yes,Yes,4.1,35112,2009
MALL000229,City Centre Mall,Delhi,New Delhi,Sector 75,Luxury,4,83,2777,No,Yes,Yes,3.7,40454,2017
MALL000230,Grand Square Mall,Delhi,New Delhi,Sector 71,Community,3,211,432,Yes,Yes,Yes,3.9,27410,2010
MALL000231,Urban Galleria,Maharashtra,Pune,Sector 67,Regional,6,352,391,No,Yes,Yes,4.0,37263,2006
MALL000232,Royal Mall,Tamil Nadu,Chennai,Sector 74,Regional,8,373,2936,No,Yes,Yes,4.8,43197,2010
MALL000233,Phoenix Marketcity,Tamil Nadu,Chennai,Sector 9,Premium,5,466,419,Yes,Yes,No,4.0,867,2012
MALL000234,Grand Square Mall,Tamil Nadu,Chennai,Sector 2,Premium,4,172,1168,Yes,Yes,No,4.8,3559,2002
MALL000235,Grand Square Mall,Telangana,Hyderabad,Sector 35,Premium,5,172,2638,No,Yes,Yes,4.5,9986,1996
MALL000236,Urban Galleria,Karnataka,Bengaluru,Sector 8,Community,3,60,1547,No,Yes,No,5.0,30205,1995
MALL000237,Grand Square Mall,Delhi,New Delhi,Sector 52,Regional,3,62,476,No,No,Yes,3.8,39756,2012
MALL000238,Grand Square Mall,Tamil Nadu,Chennai,Sector 45,Regional,4,232,2342,No,No,Yes,3.6,37026,2019
MALL000239,Urban Galleria,Maharashtra,Mumbai,Sector 36,Regional,7,364,2238,Yes,Yes,Yes,4.0,31427,2005
MALL000240,Royal Mall,Telangana,Hyderabad,Sector 51,Community,4,193,1468,No,Yes,Yes,3.9,17603,2013
MALL000241,Royal Mall,Delhi,New Delhi,Sector 25,Luxury,7,457,1763,No,No,No,4.6,12645,2006
MALL000242,Royal Mall,Tamil Nadu,Chennai,Sector 34,Premium,4,392,2118,Yes,No,Yes,4.4,1296,1996
MALL000243,DLF Mall of India,Maharashtra,Pune,Sector 73,Premium,3,153,2756,Yes,No,Yes,4.8,47529,2016
MALL000244,DLF Mall of India,Tamil Nadu,Chennai,Sector 23,Premium,4,318,1341,Yes,No,No,4.9,5339,2011
MALL000245,Urban Galleria,Telangana,Hyderabad,Sector 54,Premium,4,130,490,Yes,Yes,No,3.9,46685,2023
MALL000246,Urban Galleria,Telangana,Hyderabad,Sector 76,Luxury,3,162,893,Yes,Yes,No,3.6,16549,2020
MALL000247,Royal Mall,Maharashtra,Pune,Sector 43,Luxury,6,266,2058,Yes,No,Yes,4.6,23790,1998
MALL000248,Royal Mall,Telangana,Hyderabad,Sector 31,Premium,4,404,2420,Yes,No,Yes,4.0,43962,1999
MALL000249,Grand Square Mall,Tamil Nadu,Chennai,Sector 66,Community,6,423,2068,No,Yes,No,4.2,31252,2021
MALL000250,Urban Galleria,Maharashtra,Pune,Sector 64,Regional,6,421,2668,Yes,Yes,Yes,4.4,47439,2020
MALL000251,Metro Plaza,Delhi,New Delhi,Sector 59,Community,2,139,2883,Yes,Yes,No,4.4,46472,2020
MALL000252,Metro Plaza,Tamil Nadu,Chennai,Sector 68,Regional,3,400,2416,Yes,Yes,Yes,4.0,12691,2004
MALL000253,Metro Plaza,Tamil Nadu,Chennai,Sector 44,Premium,2,101,496,Yes,Yes,No,3.7,18800,2019
MALL000254,Urban Galleria,Karnataka,Bengaluru,Sector 25,Premium,2,180,979,No,Yes,No,3.8,4933,2025
MALL000255,Urban Galleria,Telangana,Hyderabad,Sector 42,Luxury,5,241,206,No,Yes,Yes,5.0,28871,2025
MALL000256,Ambience Mall,Telangana,Hyderabad,Sector 13,Community,4,322,1254,Yes,Yes,No,4.2,29611,2016
MALL000257,Metro Plaza,Tamil Nadu,Chennai,Sector 75,Regional,3,271,1191,No,No,No,4.6,13581,2006
MALL000258,Grand Square Mall,Karnataka,Bengaluru,Sector 1,Luxury,4,210,1111,Yes,No,No,4.6,17783,2001
MALL000259,Metro Plaza,Telangana,Hyderabad,Sector 61,Premium,8,98,2098,No,Yes,Yes,3.6,46678,2021
MALL000260,City Centre Mall,Telangana,Hyderabad,Sector 25,Regional,5,475,2277,Yes,No,Yes,4.9,22406,1995
MALL000261,City Centre Mall,Telangana,Hyderabad,Sector 35,Luxury,7,188,2241,Yes,Yes,No,4.1,15641,2003
MALL000262,Phoenix Marketcity,Delhi,New Delhi,Sector 70,Regional,6,260,1497,Yes,No,No,3.7,25218,1997
MALL000263,Urban Galleria,Tamil Nadu,Chennai,Sector 62,Luxury,4,275,1399,No,Yes,No,3.9,49264,2014
MALL000264,Urban Galleria,Maharashtra,Pune,Sector 14,Luxury,7,264,2103,No,No,No,3.6,20792,2005
MALL000265,VR Mall,Maharashtra,Pune,Sector 52,Luxury,2,487,1261,No,No,Yes,4.5,40901,2010
MALL000266,VR Mall,Delhi,New Delhi,Sector 41,Premium,7,193,1423,Yes,No,Yes,4.5,24643,2000
MALL000267,Royal Mall,Maharashtra,Mumbai,Sector 5,Premium,3,345,1439,No,Yes,No,4.7,2092,2021
MALL000268,Royal Mall,Tamil Nadu,Chennai,Sector 50,Premium,8,225,295,Yes,No,No,5.0,25940,2007
MALL000269,Royal Mall,Telangana,Hyderabad,Sector 9,Luxury,6,433,1151,No,No,Yes,4.5,49210,2013
MALL000270,Urban Galleria,Delhi,New Delhi,Sector 28,Community,6,168,1958,No,Yes,Yes,4.1,6009,1996
MALL000271,Royal Mall,Maharashtra,Pune,Sector 48,Regional,7,378,2952,Yes,Yes,Yes,3.8,3986,2000
MALL000272,Phoenix Marketcity,Telangana,Hyderabad,Sector 33,Luxury,3,372,1450,Yes,No,Yes,3.8,5649,2005
MALL000273,Metro Plaza,Maharashtra,Pune,Sector 9,Community,3,359,358,Yes,No,Yes,4.9,41378,2014
MALL000274,Urban Galleria,Delhi,New Delhi,Sector 17,Community,6,162,294,No,No,No,4.8,32250,2024
MALL000275,Urban Galleria,Delhi,New Delhi,Sector 8,Luxury,3,377,686,Yes,Yes,Yes,3.9,46916,2019
MALL000276,Royal Mall,Maharashtra,Pune,Sector 31,Regional,5,374,2153,No,Yes,No,4.4,40136,2021
MALL000277,Metro Plaza,Tamil Nadu,Chennai,Sector 27,Regional,7,311,2497,Yes,Yes,Yes,4.3,32146,2005
MALL000278,Royal Mall,Karnataka,Bengaluru,Sector 63,Community,2,207,2331,No,Yes,No,3.9,49978,2011
MALL000279,Urban Galleria,Karnataka,Bengaluru,Sector 40,Luxury,6,380,1666,No,No,No,3.6,33438,2000
MALL000280,Urban Galleria,Maharashtra,Mumbai,Sector 5,Luxury,2,498,975,Yes,No,Yes,4.0,18707,2016
MALL000281,Royal Mall,Maharashtra,Mumbai,Sector 24,Luxury,2,258,2485,No,No,No,4.0,16265,1998
MALL000282,City Centre Mall,Delhi,New Delhi,Sector 79,Luxury,2,328,2316,No,Yes,No,4.4,16364,2010
MALL000283,Metro Plaza,Telangana,Hyderabad,Sector 31,Regional,6,191,785,Yes,No,Yes,3.8,35313,2024
MALL000284,Lulu Mall,Tamil Nadu,Chennai,Sector 40,Community,6,106,1716,No,No,Yes,3.7,49009,2018
MALL000285,Metro Plaza,Karnataka,Bengaluru,Sector 7,Regional,8,497,959,Yes,No,Yes,3.6,31120,1996
MALL000286,Urban Galleria,Telangana,Hyderabad,Sector 63,Community,5,366,2168,Yes,Yes,Yes,4.0,19199,2000
MALL000287,Metro Plaza,Telangana,Hyderabad,Sector 27,Regional,5,117,1769,Yes,No,Yes,3.9,26739,2020
MALL000288,Metro Plaza,Delhi,New Delhi,Sector 33,Premium,2,424,2022,Yes,No,Yes,4.5,12545,2022
MALL000289,City Centre Mall,Telangana,Hyderabad,Sector 49,Regional,3,86,2272,Yes,No,Yes,4.1,4686,2025
MALL000290,Metro Plaza,Telangana,Hyderabad,Sector 4,Community,4,435,2562,Yes,No,No,3.5,19517,2022
MALL000291,Lulu Mall,Karnataka,Bengaluru,Sector 68,Regional,6,163,868,Yes,Yes,No,4.7,16107,2012
MALL000292,Metro Plaza,Karnataka,Bengaluru,Sector 41,Regional,3,242,1943,No,Yes,No,3.7,12220,2009
MALL000293,DLF Mall of India,Tamil Nadu,Chennai,Sector 27,Community,6,268,2658,Yes,Yes,Yes,4.9,15339,2009
MALL000294,City Centre Mall,Maharashtra,Pune,Sector 39,Community,8,441,1537,Yes,Yes,No,4.1,16329,1998
MALL000295,City Centre Mall,Tamil Nadu,Chennai,Sector 5,Community,8,151,1616,No,Yes,No,4.9,36508,2012
MALL000296,Grand Square Mall,Delhi,New Delhi,Sector 48,Premium,4,146,584,No,Yes,Yes,4.7,41008,2021
MALL000297,Ambience Mall,Maharashtra,Mumbai,Sector 49,Regional,4,379,2884,No,Yes,Yes,4.3,28505,2011
MALL000298,Grand Square Mall,Telangana,Hyderabad,Sector 33,Premium,3,481,1708,Yes,No,Yes,4.9,46072,2004
MALL000299,Metro Plaza,Tamil Nadu,Chennai,Sector 67,Premium,2,258,2982,No,Yes,No,4.7,2896,2019
MALL000300,Metro Plaza,Maharashtra,Mumbai,Sector 33,Premium,3,341,2144,Yes,No,Yes,4.7,20128,2018
MALL000301,Grand Square Mall,Telangana,Hyderabad,Sector 29,Premium,7,388,787,No,Yes,Yes,4.7,37797,1999
MALL000302,Urban Galleria,Maharashtra,Mumbai,Sector 6,Regional,4,329,331,Yes,Yes,Yes,4.3,45734,2023
MALL000303,Grand Square Mall,Karnataka,Bengaluru,Sector 25,Community,6,146,2931,Yes,Yes,No,4.9,30890,2002
MALL000304,Royal Mall,Karnataka,Bengaluru,Sector 25,Regional,6,388,1223,Yes,Yes,Yes,4.3,41197,1999
MALL000305,City Centre Mall,Karnataka,Bengaluru,Sector 79,Premium,3,98,1062,Yes,No,Yes,4.6,7831,2021
MALL000306,Grand Square Mall,Tamil Nadu,Chennai,Sector 13,Premium,6,270,2644,No,Yes,Yes,3.7,1220,2009
MALL000307,Ambience Mall,Maharashtra,Pune,Sector 7,Luxury,2,229,658,Yes,Yes,No,4.3,32622,2000
MALL000308,City Centre Mall,Delhi,New Delhi,Sector 37,Community,6,214,896,Yes,No,Yes,4.0,20522,2006
MALL000309,City Centre Mall,Telangana,Hyderabad,Sector 41,Luxury,6,480,1584,Yes,Yes,Yes,5.0,49076,2004
MALL000310,Grand Square Mall,Maharashtra,Mumbai,Sector 56,Premium,8,62,2452,Yes,Yes,No,3.7,41509,1999
MALL000311,Lulu Mall,Delhi,New Delhi,Sector 24,Community,6,65,353,Yes,Yes,Yes,4.5,20672,1995
MALL000312,Royal Mall,Karnataka,Bengaluru,Sector 12,Premium,8,212,453,Yes,Yes,Yes,4.5,16837,2016
MALL000313,City Centre Mall,Karnataka,Bengaluru,Sector 47,Premium,3,213,1697,Yes,Yes,Yes,4.0,49423,1996
MALL000314,City Centre Mall,Karnataka,Bengaluru,Sector 5,Luxury,4,378,2380,Yes,No,No,4.3,38728,2002
MALL000315,Royal Mall,Tamil Nadu,Chennai,Sector 26,Luxury,5,66,1007,Yes,No,No,4.6,40089,2010
MALL000316,Ambience Mall,Telangana,Hyderabad,Sector 30,Premium,7,486,1897,No,Yes,Yes,3.8,23210,2000
MALL000317,Metro Plaza,Delhi,New Delhi,Sector 62,Luxury,2,168,390,Yes,Yes,No,4.7,5170,2002
MALL000318,Metro Plaza,Karnataka,Bengaluru,Sector 60,Regional,2,374,1336,No,Yes,Yes,3.6,22034,2005
MALL000319,Grand Square Mall,Telangana,Hyderabad,Sector 63,Regional,6,79,1838,No,Yes,No,3.7,9927,1998
MALL000320,City Centre Mall,Tamil Nadu,Chennai,Sector 13,Premium,4,309,286,Yes,Yes,No,4.5,46961,2006
MALL000321,VR Mall,Maharashtra,Pune,Sector 63,Premium,8,473,1131,Yes,Yes,Yes,4.0,24247,2004
MALL000322,Urban Galleria,Telangana,Hyderabad,Sector 11,Premium,7,135,1801,Yes,No,No,4.0,37298,1998
MALL000323,Metro Plaza,Telangana,Hyderabad,Sector 31,Community,3,450,1992,Yes,No,Yes,4.3,38768,2002
MALL000324,City Centre Mall,Telangana,Hyderabad,Sector 28,Community,5,448,315,No,No,No,5.0,26955,2018
MALL000325,Grand Square Mall,Maharashtra,Pune,Sector 12,Luxury,5,416,460,Yes,No,No,4.2,14978,2008
MALL000326,Ambience Mall,Tamil Nadu,Chennai,Sector 41,Community,7,378,420,No,Yes,No,4.8,40155,2012
MALL000327,Metro Plaza,Maharashtra,Pune,Sector 58,Premium,7,295,638,No,No,No,4.3,5026,2019
MALL000328,Phoenix Marketcity,Telangana,Hyderabad,Sector 26,Community,8,266,1104,Yes,Yes,Yes,4.9,2149,2017
MALL000329,Metro Plaza,Telangana,Hyderabad,Sector 17,Community,2,352,521,No,Yes,No,4.5,3542,2003
MALL000330,Urban Galleria,Delhi,New Delhi,Sector 24,Luxury,2,350,892,Yes,No,Yes,4.5,41884,2014
MALL000331,Phoenix Marketcity,Telangana,Hyderabad,Sector 18,Community,8,480,464,Yes,Yes,Yes,4.8,7601,2015
MALL000332,Urban Galleria,Karnataka,Bengaluru,Sector 41,Luxury,4,216,2288,Yes,No,Yes,4.5,27805,1999
MALL000333,City Centre Mall,Delhi,New Delhi,Sector 41,Premium,3,195,2400,No,No,Yes,3.6,22230,2012
MALL000334,Metro Plaza,Karnataka,Bengaluru,Sector 4,Luxury,3,135,1361,No,Yes,Yes,4.8,1869,2023
MALL000335,Grand Square Mall,Telangana,Hyderabad,Sector 2,Regional,8,374,1012,No,Yes,Yes,4.6,33735,1998
MALL000336,Metro Plaza,Maharashtra,Mumbai,Sector 21,Luxury,4,141,2388,Yes,Yes,No,4.8,39350,2016
MALL000337,Royal Mall,Delhi,New Delhi,Sector 70,Regional,6,252,1607,Yes,Yes,No,4.2,27927,2012
MALL000338,Ambience Mall,Delhi,New Delhi,Sector 31,Luxury,7,458,1342,No,No,Yes,4.6,49473,1999
MALL000339,City Centre Mall,Telangana,Hyderabad,Sector 15,Community,7,229,2881,Yes,No,No,4.4,47821,2010
MALL000340,Royal Mall,Karnataka,Bengaluru,Sector 15,Regional,6,234,263,Yes,No,Yes,4.6,8153,2021
MALL000341,Phoenix Marketcity,Karnataka,Bengaluru,Sector 10,Luxury,3,92,1477,No,No,Yes,4.2,46933,2002
MALL000342,DLF Mall of India,Maharashtra,Pune,Sector 28,Luxury,4,215,2813,No,No,No,4.9,29424,1999
MALL000343,Metro Plaza,Karnataka,Bengaluru,Sector 14,Community,5,367,1048,No,No,Yes,3.9,32287,2006
MALL000344,Metro Plaza,Karnataka,Bengaluru,Sector 73,Luxury,8,325,2343,No,Yes,Yes,4.2,18113,2024
MALL000345,Ambience Mall,Delhi,New Delhi,Sector 52,Premium,4,217,595,Yes,No,No,4.8,911,2000
MALL000346,Royal Mall,Telangana,Hyderabad,Sector 76,Premium,3,164,1604,Yes,Yes,Yes,4.5,37313,2001
MALL000347,Urban Galleria,Telangana,Hyderabad,Sector 43,Premium,4,242,2518,Yes,Yes,No,4.1,19772,2023
MALL000348,Metro Plaza,Maharashtra,Mumbai,Sector 22,Premium,8,492,1579,Yes,Yes,Yes,4.4,2937,2016
MALL000349,Royal Mall,Karnataka,Bengaluru,Sector 33,Regional,3,155,384,No,No,No,4.2,37772,2018
MALL000350,Metro Plaza,Karnataka,Bengaluru,Sector 24,Luxury,2,440,554,No,Yes,No,4.7,27264,2019
MALL000351,Metro Plaza,Delhi,New Delhi,Sector 65,Regional,5,482,1762,No,No,Yes,4.9,39956,2017
MALL000352,City Centre Mall,Delhi,New Delhi,Sector 79,Premium,2,238,1406,Yes,Yes,Yes,4.9,8569,2023
MALL000353,Royal Mall,Karnataka,Bengaluru,Sector 17,Community,4,266,1243,Yes,No,Yes,3.5,36305,2004
MALL000354,Royal Mall,Maharashtra,Mumbai,Sector 61,Luxury,3,375,1070,Yes,Yes,Yes,4.5,48024,2020
MALL000355,Royal Mall,Telangana,Hyderabad,Sector 59,Luxury,8,154,2848,Yes,No,No,4.9,6056,2015
MALL000356,Phoenix Marketcity,Maharashtra,Pune,Sector 10,Luxury,2,96,884,No,Yes,Yes,4.9,9978,2005
MALL000357,Metro Plaza,Tamil Nadu,Chennai,Sector 32,Regional,2,187,1812,Yes,Yes,No,4.8,12399,2006
MALL000358,Royal Mall,Tamil Nadu,Chennai,Sector 35,Luxury,8,422,742,No,Yes,No,4.8,27783,2007
MALL000359,Metro Plaza,Tamil Nadu,Chennai,Sector 64,Regional,6,324,746,No,Yes,No,4.3,26958,2009
MALL000360,DLF Mall of India,Karnataka,Bengaluru,Sector 6,Premium,5,159,2818,No,Yes,No,4.3,33398,2010
MALL000361,Grand Square Mall,Tamil Nadu,Chennai,Sector 17,Premium,3,175,2571,No,No,No,3.6,38317,1998
MALL000362,Grand Square Mall,Telangana,Hyderabad,Sector 47,Regional,2,68,1715,No,No,No,4.3,12820,2014
MALL000363,Grand Square Mall,Maharashtra,Mumbai,Sector 49,Luxury,2,437,604,Yes,Yes,No,3.9,11773,2014
MALL000364,Urban Galleria,Karnataka,Bengaluru,Sector 11,Regional,7,471,1377,No,Yes,Yes,4.5,36022,2018
MALL000365,Royal Mall,Karnataka,Bengaluru,Sector 59,Regional,6,274,2336,No,Yes,Yes,3.9,48094,2003
MALL000366,VR Mall,Tamil Nadu,Chennai,Sector 34,Premium,7,213,2090,No,Yes,No,4.0,33007,1999
MALL000367,Royal Mall,Tamil Nadu,Chennai,Sector 34,Luxury,8,201,1315,No,Yes,Yes,4.5,40709,2014
MALL000368,City Centre Mall,Karnataka,Bengaluru,Sector 54,Community,8,52,2385,Yes,No,No,4.4,32764,2011
MALL000369,Royal Mall,Maharashtra,Mumbai,Sector 44,Regional,4,246,1907,No,Yes,Yes,4.2,23545,2003
MALL000370,Grand Square Mall,Delhi,New Delhi,Sector 27,Regional,3,276,2084,No,Yes,No,4.9,17032,2024
MALL000371,Royal Mall,Delhi,New Delhi,Sector 64,Luxury,3,77,1158,No,Yes,Yes,4.2,28969,2017
MALL000372,Phoenix Marketcity,Maharashtra,Pune,Sector 62,Regional,5,369,1828,No,Yes,No,4.7,1869,2019
MALL000373,City Centre Mall,Telangana,Hyderabad,Sector 68,Luxury,5,347,1380,No,Yes,No,4.1,5074,2025
MALL000374,Royal Mall,Delhi,New Delhi,Sector 61,Community,4,50,1403,No,No,No,4.5,14467,2005
MALL000375,Royal Mall,Maharashtra,Mumbai,Sector 30,Regional,5,303,323,No,No,No,4.6,19890,2007
MALL000376,Royal Mall,Maharashtra,Pune,Sector 14,Regional,2,75,916,Yes,No,No,4.0,27272,1998
MALL000377,Urban Galleria,Delhi,New Delhi,Sector 44,Premium,3,413,2214,Yes,No,Yes,4.2,46945,2008
MALL000378,City Centre Mall,Karnataka,Bengaluru,Sector 36,Luxury,3,406,2348,Yes,No,Yes,4.3,36179,2023
MALL000379,Metro Plaza,Tamil Nadu,Chennai,Sector 2,Regional,7,95,756,Yes,Yes,Yes,4.4,46406,2004
MALL000380,Urban Galleria,Karnataka,Bengaluru,Sector 12,Luxury,6,203,1167,No,No,No,4.2,6503,2009
MALL000381,Lulu Mall,Telangana,Hyderabad,Sector 22,Community,7,398,2924,No,No,No,3.7,6630,1997
MALL000382,City Centre Mall,Telangana,Hyderabad,Sector 3,Community,5,186,558,No,No,No,4.4,34513,2008
MALL000383,Grand Square Mall,Maharashtra,Mumbai,Sector 45,Community,7,221,2747,No,Yes,No,4.4,15352,2003
MALL000384,Metro Plaza,Karnataka,Bengaluru,Sector 22,Community,7,450,1913,Yes,No,Yes,3.7,16000,2007
MALL000385,Grand Square Mall,Tamil Nadu,Chennai,Sector 57,Luxury,6,313,1370,No,Yes,Yes,4.7,49896,1996
MALL000386,Urban Galleria,Karnataka,Bengaluru,Sector 18,Luxury,8,394,1792,Yes,Yes,No,4.3,26942,2025
MALL000387,VR Mall,Karnataka,Bengaluru,Sector 68,Regional,8,213,206,No,No,No,4.0,32434,1998
MALL000388,City Centre Mall,Maharashtra,Mumbai,Sector 59,Regional,7,166,377,Yes,Yes,No,4.4,11086,2011
MALL000389,City Centre Mall,Tamil Nadu,Chennai,Sector 46,Premium,6,51,2334,Yes,No,Yes,4.6,10402,2024
MALL000390,City Centre Mall,Tamil Nadu,Chennai,Sector 4,Premium,5,464,2008,No,Yes,No,4.4,29872,2000
MALL000391,Metro Plaza,Karnataka,Bengaluru,Sector 21,Luxury,5,353,769,Yes,Yes,Yes,4.5,22013,1998
MALL000392,City Centre Mall,Telangana,Hyderabad,Sector 79,Luxury,6,267,955,No,Yes,No,3.7,33455,2003
MALL000393,City Centre Mall,Karnataka,Bengaluru,Sector 61,Luxury,3,404,1636,Yes,Yes,No,4.1,47190,2015
MALL000394,Lulu Mall,Karnataka,Bengaluru,Sector 45,Premium,4,197,2458,Yes,Yes,Yes,4.3,44075,2004
MALL000395,Grand Square Mall,Maharashtra,Pune,Sector 47,Premium,7,460,2084,No,Yes,No,3.8,30591,2008
MALL000396,DLF Mall of India,Delhi,New Delhi,Sector 39,Luxury,7,405,2451,Yes,No,No,3.7,34223,2007
MALL000397,Royal Mall,Karnataka,Bengaluru,Sector 41,Premium,4,500,1593,No,No,Yes,3.6,44849,2004
MALL000398,Ambience Mall,Karnataka,Bengaluru,Sector 56,Luxury,5,178,2911,No,Yes,No,4.1,482,2020
MALL000399,Royal Mall,Karnataka,Bengaluru,Sector 56,Luxury,2,377,1881,No,No,No,4.6,11545,2008
MALL000400,Metro Plaza,Telangana,Hyderabad,Sector 73,Community,7,371,865,No,No,No,4.9,40920,2008
MALL000401,Metro Plaza,Delhi,New Delhi,Sector 63,Regional,4,169,243,No,Yes,Yes,4.6,37974,2020
MALL000402,City Centre Mall,Delhi,New Delhi,Sector 21,Luxury,3,270,2173,Yes,Yes,No,4.4,9385,2006
MALL000403,Ambience Mall,Tamil Nadu,Chennai,Sector 70,Regional,2,441,1342,No,Yes,No,4.4,8823,1996
MALL000404,Urban Galleria,Delhi,New Delhi,Sector 76,Community,2,225,2030,Yes,No,Yes,4.5,12617,1996
MALL000405,Metro Plaza,Karnataka,Bengaluru,Sector 72,Community,4,384,2109,Yes,No,No,4.3,32371,2016
MALL000406,Urban Galleria,Karnataka,Bengaluru,Sector 11,Luxury,6,160,558,No,Yes,No,4.6,34571,2002
MALL000407,Metro Plaza,Delhi,New Delhi,Sector 18,Luxury,7,426,1524,Yes,No,No,4.1,36320,1997
MALL000408,Phoenix Marketcity,Delhi,New Delhi,Sector 67,Community,3,135,2147,No,Yes,Yes,4.3,29499,1999
MALL000409,Grand Square Mall,Telangana,Hyderabad,Sector 16,Regional,5,323,2740,Yes,No,No,4.0,29348,1995
MALL000410,City Centre Mall,Maharashtra,Pune,Sector 48,Luxury,4,290,1136,Yes,Yes,No,3.9,18864,1999
MALL000411,Phoenix Marketcity,Telangana,Hyderabad,Sector 43,Luxury,4,60,1042,No,Yes,Yes,4.8,29016,1997
MALL000412,Metro Plaza,Tamil Nadu,Chennai,Sector 11,Premium,8,498,2582,No,Yes,Yes,4.5,33487,2017
MALL000413,Metro Plaza,Maharashtra,Mumbai,Sector 39,Community,5,145,1479,No,No,No,4.6,45368,2003
MALL000414,Urban Galleria,Karnataka,Bengaluru,Sector 52,Premium,3,321,1456,No,No,Yes,4.4,22228,2021
MALL000415,Royal Mall,Telangana,Hyderabad,Sector 74,Luxury,8,435,1177,Yes,No,No,5.0,25702,2018
MALL000416,DLF Mall of India,Tamil Nadu,Chennai,Sector 76,Luxury,7,296,557,No,No,No,3.6,28565,2003
MALL000417,Urban Galleria,Maharashtra,Pune,Sector 46,Regional,4,89,2792,Yes,Yes,No,4.9,37737,1999
MALL000418,Royal Mall,Tamil Nadu,Chennai,Sector 37,Regional,2,144,1509,No,Yes,No,3.6,18150,2010
MALL000419,Royal Mall,Karnataka,Bengaluru,Sector 41,Regional,2,177,396,Yes,No,Yes,3.7,45603,1999
MALL000420,City Centre Mall,Karnataka,Bengaluru,Sector 77,Luxury,2,225,2690,No,No,No,3.8,27796,2005
MALL000421,Royal Mall,Tamil Nadu,Chennai,Sector 77,Premium,4,331,2741,No,Yes,No,4.5,33951,1999
MALL000422,Royal Mall,Tamil Nadu,Chennai,Sector 22,Regional,3,298,2425,Yes,No,Yes,4.8,184,1995
MALL000423,Metro Plaza,Telangana,Hyderabad,Sector 71,Luxury,6,336,1038,No,No,No,4.5,9667,2018
MALL000424,Metro Plaza,Maharashtra,Pune,Sector 46,Community,5,462,1843,Yes,Yes,Yes,4.8,46742,2011
MALL000425,Metro Plaza,Tamil Nadu,Chennai,Sector 68,Luxury,7,222,859,Yes,Yes,No,4.2,7785,1997
MALL000426,VR Mall,Maharashtra,Mumbai,Sector 11,Premium,8,75,2124,Yes,Yes,Yes,4.8,10266,1999
MALL000427,Lulu Mall,Telangana,Hyderabad,Sector 6,Luxury,4,215,1588,Yes,No,No,4.9,10000,1996
MALL000428,Metro Plaza,Delhi,New Delhi,Sector 79,Community,6,202,1253,Yes,Yes,Yes,4.2,24203,2024
MALL000429,Metro Plaza,Karnataka,Bengaluru,Sector 8,Premium,6,423,2114,No,No,Yes,4.4,39715,1998
MALL000430,Royal Mall,Tamil Nadu,Chennai,Sector 75,Community,3,279,2448,Yes,No,Yes,4.9,35840,2006
MALL000431,Royal Mall,Delhi,New Delhi,Sector 24,Community,7,458,1568,Yes,No,Yes,3.7,45703,2008
MALL000432,Urban Galleria,Karnataka,Bengaluru,Sector 58,Regional,3,436,728,Yes,Yes,No,3.8,34416,2015
MALL000433,VR Mall,Maharashtra,Mumbai,Sector 68,Premium,6,429,2006,Yes,No,No,4.7,41544,1997
MALL000434,Royal Mall,Maharashtra,Pune,Sector 6,Community,5,412,2087,Yes,No,Yes,4.0,38745,2019
MALL000435,City Centre Mall,Delhi,New Delhi,Sector 58,Regional,3,458,2989,Yes,No,No,4.2,45845,2009
MALL000436,Lulu Mall,Karnataka,Bengaluru,Sector 46,Luxury,6,318,2830,Yes,No,Yes,4.5,49194,2013
MALL000437,Urban Galleria,Tamil Nadu,Chennai,Sector 74,Premium,5,95,2062,Yes,Yes,No,3.6,40796,2022
MALL000438,Phoenix Marketcity,Karnataka,Bengaluru,Sector 48,Regional,2,85,868,No,No,Yes,4.0,26180,2008
MALL000439,Royal Mall,Telangana,Hyderabad,Sector 18,Premium,2,388,437,Yes,Yes,No,4.3,48262,2016
MALL000440,DLF Mall of India,Delhi,New Delhi,Sector 27,Regional,4,307,1105,Yes,Yes,No,4.8,42422,2010
MALL000441,Phoenix Marketcity,Maharashtra,Mumbai,Sector 22,Premium,3,330,2675,Yes,Yes,No,3.5,38421,2025
MALL000442,Urban Galleria,Karnataka,Bengaluru,Sector 56,Premium,2,105,908,No,No,No,4.9,1748,2022
MALL000443,Grand Square Mall,Telangana,Hyderabad,Sector 50,Regional,6,282,2931,No,Yes,Yes,4.0,39868,2025
MALL000444,Metro Plaza,Karnataka,Bengaluru,Sector 55,Luxury,4,327,2200,No,No,No,3.9,1703,2020
MALL000445,Grand Square Mall,Maharashtra,Pune,Sector 59,Community,7,135,2726,Yes,No,Yes,4.7,24150,2020
MALL000446,City Centre Mall,Telangana,Hyderabad,Sector 69,Luxury,6,363,2120,No,Yes,No,4.1,49826,2001
MALL000447,Grand Square Mall,Karnataka,Bengaluru,Sector 76,Regional,3,137,1322,No,Yes,Yes,4.3,4093,2017
MALL000448,Royal Mall,Telangana,Hyderabad,Sector 19,Regional,8,291,2625,No,Yes,Yes,3.9,25283,1999
MALL000449,Grand Square Mall,Delhi,New Delhi,Sector 76,Regional,6,121,2128,Yes,Yes,No,3.5,31793,2020
MALL000450,VR Mall,Tamil Nadu,Chennai,Sector 61,Premium,7,362,2545,Yes,Yes,Yes,3.6,5825,2019
MALL000451,DLF Mall of India,Maharashtra,Mumbai,Sector 51,Community,4,254,2808,No,No,No,3.9,44473,2008
MALL000452,Grand Square Mall,Delhi,New Delhi,Sector 47,Luxury,3,126,2487,Yes,Yes,Yes,3.8,46878,1998
MALL000453,DLF Mall of India,Delhi,New Delhi,Sector 68,Community,2,318,464,No,No,Yes,3.6,44423,2009
MALL000454,Ambience Mall,Maharashtra,Pune,Sector 51,Regional,3,196,801,Yes,No,No,4.4,23207,2006
MALL000455,Urban Galleria,Maharashtra,Pune,Sector 79,Luxury,4,109,462,Yes,No,No,4.1,44979,1999
MALL000456,City Centre Mall,Maharashtra,Pune,Sector 61,Premium,8,144,988,No,Yes,Yes,4.3,29574,2009
MALL000457,Metro Plaza,Telangana,Hyderabad,Sector 77,Luxury,8,201,2777,No,No,Yes,4.7,23350,1995
MALL000458,Urban Galleria,Karnataka,Bengaluru,Sector 22,Premium,4,235,369,Yes,Yes,No,3.6,33448,2015
MALL000459,Urban Galleria,Delhi,New Delhi,Sector 67,Regional,4,401,2978,Yes,Yes,No,3.6,7635,2013
MALL000460,City Centre Mall,Tamil Nadu,Chennai,Sector 32,Premium,5,283,859,Yes,No,Yes,3.8,6297,2002
MALL000461,Phoenix Marketcity,Maharashtra,Pune,Sector 33,Luxury,6,243,2717,No,Yes,Yes,3.9,16278,2016
MALL000462,City Centre Mall,Maharashtra,Pune,Sector 15,Premium,4,349,2860,No,No,Yes,3.9,29583,2019
MALL000463,Ambience Mall,Maharashtra,Pune,Sector 65,Community,4,430,457,Yes,Yes,No,3.6,10151,2001
MALL000464,Royal Mall,Karnataka,Bengaluru,Sector 14,Luxury,6,484,282,Yes,No,No,3.7,35602,2018
MALL000465,Royal Mall,Tamil Nadu,Chennai,Sector 71,Premium,4,217,982,No,Yes,No,3.5,40593,2015
MALL000466,City Centre Mall,Karnataka,Bengaluru,Sector 63,Regional,6,397,1631,Yes,No,No,4.5,46488,2010
MALL000467,Royal Mall,Maharashtra,Pune,Sector 67,Premium,8,150,2941,Yes,Yes,No,4.9,8262,1998
MALL000468,Metro Plaza,Delhi,New Delhi,Sector 69,Premium,8,469,2750,Yes,No,Yes,4.9,9612,2013
MALL000469,Royal Mall,Tamil Nadu,Chennai,Sector 1,Community,5,270,1401,No,Yes,No,4.0,31137,1997
MALL000470,Grand Square Mall,Telangana,Hyderabad,Sector 56,Premium,5,212,434,No,No,Yes,4.8,39970,2009
MALL000471,Lulu Mall,Delhi,New Delhi,Sector 21,Regional,5,498,1799,Yes,Yes,Yes,4.7,18721,2022
MALL000472,Urban Galleria,Tamil Nadu,Chennai,Sector 38,Regional,3,181,2770,No,No,No,4.2,11761,2009
MALL000473,Metro Plaza,Delhi,New Delhi,Sector 45,Regional,5,325,202,No,No,Yes,4.6,12897,2018
MALL000474,Metro Plaza,Delhi,New Delhi,Sector 55,Premium,7,146,328,No,No,No,3.7,2059,2022
MALL000475,VR Mall,Telangana,Hyderabad,Sector 78,Premium,4,155,1484,No,Yes,Yes,4.1,42557,2022
MALL000476,Royal Mall,Maharashtra,Pune,Sector 66,Regional,4,123,1338,No,No,No,4.9,5861,2007
MALL000477,Royal Mall,Telangana,Hyderabad,Sector 14,Community,4,493,886,No,No,Yes,4.9,33369,2013
MALL000478,Urban Galleria,Maharashtra,Mumbai,Sector 64,Luxury,3,409,2251,No,Yes,No,4.9,11038,2007
MALL000479,Metro Plaza,Karnataka,Bengaluru,Sector 33,Premium,7,454,1208,Yes,Yes,No,3.6,12476,2019
MALL000480,Lulu Mall,Telangana,Hyderabad,Sector 56,Community,7,411,1678,No,Yes,No,4.4,4603,2012
MALL000481,City Centre Mall,Karnataka,Bengaluru,Sector 31,Premium,4,454,1968,No,Yes,No,3.8,47164,2014
MALL000482,Ambience Mall,Tamil Nadu,Chennai,Sector 46,Community,5,328,287,Yes,No,Yes,4.4,41246,2006
MALL000483,Metro Plaza,Delhi,New Delhi,Sector 57,Premium,6,330,1065,Yes,No,No,4.9,28335,2008
MALL000484,DLF Mall of India,Telangana,Hyderabad,Sector 52,Luxury,2,75,917,Yes,Yes,No,4.6,48738,2022
MALL000485,Grand Square Mall,Telangana,Hyderabad,Sector 70,Regional,4,204,2344,Yes,Yes,No,4.7,13032,2006
MALL000486,Urban Galleria,Maharashtra,Mumbai,Sector 66,Community,2,334,2808,Yes,No,No,4.5,9200,2024
MALL000487,Royal Mall,Telangana,Hyderabad,Sector 77,Community,2,273,675,Yes,No,Yes,4.3,32053,2006
MALL000488,Royal Mall,Maharashtra,Pune,Sector 28,Premium,7,295,2467,Yes,No,No,4.9,45955,2024
MALL000489,Urban Galleria,Delhi,New Delhi,Sector 58,Regional,7,487,1707,Yes,No,No,4.5,42934,2023
MALL000490,Metro Plaza,Maharashtra,Mumbai,Sector 70,Luxury,6,465,1361,Yes,No,No,3.7,46824,2022
MALL000491,Metro Plaza,Telangana,Hyderabad,Sector 14,Regional,7,241,612,Yes,No,No,3.6,18033,2005
MALL000492,Urban Galleria,Telangana,Hyderabad,Sector 50,Community,8,238,2300,No,No,Yes,4.5,23900,2025
MALL000493,Metro Plaza,Karnataka,Bengaluru,Sector 23,Luxury,3,459,1417,Yes,No,Yes,4.7,14121,2000
MALL000494,City Centre Mall,Tamil Nadu,Chennai,Sector 32,Community,3,154,655,Yes,Yes,Yes,4.5,31315,2011
MALL000495,Metro Plaza,Telangana,Hyderabad,Sector 34,Luxury,7,356,1149,Yes,No,No,4.2,27637,2000
MALL000496,Royal Mall,Delhi,New Delhi,Sector 57,Premium,6,208,938,Yes,No,No,4.6,32194,2025
MALL000497,DLF Mall of India,Karnataka,Bengaluru,Sector 61,Regional,3,125,648,Yes,No,No,4.7,13504,2025
MALL000498,Royal Mall,Telangana,Hyderabad,Sector 2,Regional,3,63,775,Yes,Yes,No,3.5,47767,1996
MALL000499,Grand Square Mall,Karnataka,Bengaluru,Sector 13,Luxury,8,314,1418,No,Yes,Yes,4.4,32583,2021
MALL000500,Royal Mall,Telangana,Hyderabad,Sector 18,Regional,8,292,2997,No,Yes,Yes,3.5,24385,2001
MALL000501,City Centre Mall,Karnataka,Bengaluru,Sector 39,Luxury,3,110,1033,Yes,Yes,No,4.7,22104,2013
MALL000502,Metro Plaza,Maharashtra,Mumbai,Sector 71,Regional,2,231,2672,Yes,No,Yes,4.8,48923,2002
MALL000503,City Centre Mall,Maharashtra,Mumbai,Sector 10,Regional,4,312,2902,No,No,Yes,4.4,44340,2014
MALL000504,Urban Galleria,Tamil Nadu,Chennai,Sector 28,Luxury,5,197,2222,Yes,No,No,5.0,25951,2004
MALL000505,VR Mall,Karnataka,Bengaluru,Sector 78,Luxury,6,440,2201,No,Yes,Yes,4.2,49863,2011
MALL000506,Urban Galleria,Karnataka,Bengaluru,Sector 14,Regional,7,160,2588,Yes,No,No,4.8,7118,2021
MALL000507,Urban Galleria,Delhi,New Delhi,Sector 11,Premium,8,111,2877,Yes,No,Yes,4.3,40774,2011
MALL000508,Royal Mall,Telangana,Hyderabad,Sector 31,Premium,6,223,1844,No,Yes,Yes,3.9,19283,2009
MALL000509,Phoenix Marketcity,Telangana,Hyderabad,Sector 52,Regional,3,74,841,Yes,Yes,No,4.5,43456,2021
MALL000510,Lulu Mall,Tamil Nadu,Chennai,Sector 11,Premium,6,82,411,Yes,Yes,Yes,4.7,10149,2003
MALL000511,Metro Plaza,Karnataka,Bengaluru,Sector 2,Premium,5,326,2265,No,Yes,No,4.6,6926,2023
MALL000512,Royal Mall,Tamil Nadu,Chennai,Sector 16,Premium,3,152,2835,Yes,Yes,Yes,3.7,29744,2003
MALL000513,Royal Mall,Maharashtra,Mumbai,Sector 32,Community,4,431,2130,Yes,No,No,4.2,26270,1999
MALL000514,Phoenix Marketcity,Maharashtra,Mumbai,Sector 21,Community,7,98,1800,No,Yes,No,3.9,23521,2021
MALL000515,Metro Plaza,Telangana,Hyderabad,Sector 70,Regional,8,446,521,Yes,Yes,No,4.2,15494,2019
MALL000516,Urban Galleria,Telangana,Hyderabad,Sector 22,Regional,7,318,463,No,No,No,4.0,35858,2017
MALL000517,Ambience Mall,Tamil Nadu,Chennai,Sector 7,Regional,4,194,388,Yes,Yes,Yes,3.7,46204,2008
MALL000518,Grand Square Mall,Tamil Nadu,Chennai,Sector 11,Luxury,2,254,2553,Yes,Yes,Yes,4.3,24333,2007
MALL000519,Urban Galleria,Telangana,Hyderabad,Sector 44,Regional,8,207,1664,Yes,Yes,No,4.4,16745,1999
MALL000520,Grand Square Mall,Maharashtra,Pune,Sector 54,Luxury,7,65,1368,Yes,No,Yes,3.8,2577,2015
MALL000521,Grand Square Mall,Telangana,Hyderabad,Sector 70,Luxury,6,223,1012,No,Yes,No,3.9,9289,2010
MALL000522,DLF Mall of India,Karnataka,Bengaluru,Sector 35,Community,6,97,624,Yes,No,Yes,3.5,33330,2009
MALL000523,Metro Plaza,Karnataka,Bengaluru,Sector 68,Luxury,5,61,2810,No,Yes,Yes,4.3,30725,2004
MALL000524,Ambience Mall,Tamil Nadu,Chennai,Sector 28,Luxury,8,65,249,No,No,Yes,4.0,42330,2015
MALL000525,Urban Galleria,Tamil Nadu,Chennai,Sector 24,Premium,6,339,2633,No,No,No,4.7,35330,2002
MALL000526,Lulu Mall,Delhi,New Delhi,Sector 78,Premium,7,131,327,Yes,No,Yes,4.0,156,2020
MALL000527,Royal Mall,Karnataka,Bengaluru,Sector 27,Luxury,7,438,2384,Yes,No,Yes,4.6,11083,2019
MALL000528,VR Mall,Maharashtra,Mumbai,Sector 23,Community,4,409,364,Yes,Yes,No,4.7,48409,2000
MALL000529,Phoenix Marketcity,Telangana,Hyderabad,Sector 63,Premium,2,204,2634,No,Yes,Yes,4.6,27675,1997
MALL000530,Metro Plaza,Maharashtra,Pune,Sector 80,Luxury,2,320,541,Yes,Yes,No,4.0,15139,2022
MALL000531,City Centre Mall,Tamil Nadu,Chennai,Sector 75,Luxury,3,81,2719,No,No,No,4.9,2067,2008
MALL000532,City Centre Mall,Telangana,Hyderabad,Sector 73,Regional,6,308,1202,Yes,Yes,Yes,4.8,7268,2005
MALL000533,Grand Square Mall,Karnataka,Bengaluru,Sector 33,Community,5,88,1124,No,No,No,4.9,10364,2023
MALL000534,Royal Mall,Karnataka,Bengaluru,Sector 59,Luxury,6,426,1717,No,Yes,No,4.7,45066,2004
MALL000535,City Centre Mall,Maharashtra,Pune,Sector 33,Regional,3,271,1640,No,No,Yes,4.0,36959,1996
MALL000536,Urban Galleria,Telangana,Hyderabad,Sector 37,Regional,2,144,1746,No,Yes,Yes,4.2,46306,2024
MALL000537,Royal Mall,Tamil Nadu,Chennai,Sector 48,Regional,5,249,2146,No,No,Yes,4.9,22694,2013
MALL000538,Grand Square Mall,Maharashtra,Mumbai,Sector 13,Community,2,373,504,Yes,No,Yes,3.6,4742,2021
MALL000539,Metro Plaza,Karnataka,Bengaluru,Sector 38,Luxury,4,441,298,Yes,No,Yes,3.8,12376,1997
MALL000540,Lulu Mall,Telangana,Hyderabad,Sector 60,Premium,6,109,1032,No,No,No,3.7,48486,2016
MALL000541,Grand Square Mall,Maharashtra,Pune,Sector 35,Premium,2,341,677,No,Yes,No,4.9,48503,2023
MALL000542,City Centre Mall,Maharashtra,Pune,Sector 39,Premium,7,170,1350,Yes,Yes,Yes,4.3,3747,2010
MALL000543,Royal Mall,Telangana,Hyderabad,Sector 41,Community,8,418,2655,Yes,Yes,No,3.5,28241,2021
MALL000544,Grand Square Mall,Telangana,Hyderabad,Sector 38,Luxury,4,264,1695,No,Yes,No,4.5,26872,2021
MALL000545,VR Mall,Tamil Nadu,Chennai,Sector 11,Regional,7,354,345,Yes,No,Yes,4.2,37824,2008
MALL000546,Royal Mall,Telangana,Hyderabad,Sector 24,Luxury,8,152,1949,Yes,Yes,No,5.0,22355,2004
MALL000547,Royal Mall,Delhi,New Delhi,Sector 60,Premium,2,373,2256,Yes,Yes,Yes,4.1,13792,1995
MALL000548,Royal Mall,Telangana,Hyderabad,Sector 43,Regional,8,267,2772,No,No,Yes,4.0,39347,2014
MALL000549,Grand Square Mall,Karnataka,Bengaluru,Sector 38,Community,4,183,1879,Yes,No,No,4.1,47684,2004
MALL000550,Grand Square Mall,Karnataka,Bengaluru,Sector 66,Premium,4,120,2058,No,No,No,4.1,35544,2004
MALL000551,City Centre Mall,Maharashtra,Mumbai,Sector 55,Regional,6,211,755,No,No,No,3.8,31433,2000
MALL000552,Grand Square Mall,Maharashtra,Pune,Sector 18,Premium,5,146,830,Yes,No,No,4.1,16904,2008
MALL000553,City Centre Mall,Tamil Nadu,Chennai,Sector 72,Premium,7,310,1484,Yes,Yes,No,4.6,32552,1998
MALL000554,Royal Mall,Maharashtra,Mumbai,Sector 41,Luxury,8,135,1149,Yes,No,No,4.0,12481,2011
MALL000555,Urban Galleria,Tamil Nadu,Chennai,Sector 36,Community,2,85,2045,Yes,Yes,Yes,4.2,2744,2011
MALL000556,City Centre Mall,Karnataka,Bengaluru,Sector 47,Regional,5,99,807,No,No,No,4.5,18995,2022
MALL000557,Metro Plaza,Tamil Nadu,Chennai,Sector 44,Premium,3,250,204,Yes,No,No,4.7,35647,2001
MALL000558,DLF Mall of India,Karnataka,Bengaluru,Sector 48,Community,8,113,1401,No,No,No,4.2,3162,2018
MALL000559,Royal Mall,Karnataka,Bengaluru,Sector 10,Community,2,62,2228,No,Yes,No,3.9,6376,2013
MALL000560,Urban Galleria,Tamil Nadu,Chennai,Sector 32,Regional,8,179,1865,No,No,No,3.9,8724,2001
MALL000561,Urban Galleria,Tamil Nadu,Chennai,Sector 77,Premium,7,480,1401,Yes,No,Yes,4.8,41938,1995
MALL000562,Grand Square Mall,Maharashtra,Mumbai,Sector 77,Premium,4,99,556,Yes,Yes,Yes,4.9,47544,2005
MALL000563,Royal Mall,Delhi,New Delhi,Sector 33,Community,8,407,539,Yes,Yes,Yes,4.9,28141,2020
MALL000564,Grand Square Mall,Delhi,New Delhi,Sector 80,Community,5,275,2753,No,Yes,Yes,3.7,32302,2014
MALL000565,City Centre Mall,Telangana,Hyderabad,Sector 14,Community,4,167,2769,No,Yes,Yes,3.7,33596,2002
MALL000566,City Centre Mall,Telangana,Hyderabad,Sector 54,Luxury,7,315,1161,Yes,No,Yes,4.5,26300,2010
MALL000567,Phoenix Marketcity,Delhi,New Delhi,Sector 2,Luxury,4,252,752,Yes,Yes,Yes,4.3,30483,2025
MALL000568,Lulu Mall,Karnataka,Bengaluru,Sector 70,Luxury,7,99,726,Yes,No,No,5.0,5373,1996
MALL000569,Metro Plaza,Tamil Nadu,Chennai,Sector 16,Premium,7,93,534,No,Yes,Yes,4.6,36677,1998
MALL000570,Royal Mall,Telangana,Hyderabad,Sector 71,Premium,4,359,2059,No,No,No,4.9,43481,2021
MALL000571,City Centre Mall,Karnataka,Bengaluru,Sector 42,Luxury,4,355,2590,Yes,No,Yes,4.1,45522,2016
MALL000572,City Centre Mall,Maharashtra,Pune,Sector 5,Community,4,181,2870,Yes,No,Yes,4.1,13984,2006
MALL000573,Grand Square Mall,Maharashtra,Mumbai,Sector 7,Luxury,5,302,2697,Yes,Yes,Yes,3.6,48491,2011
MALL000574,Grand Square Mall,Tamil Nadu,Chennai,Sector 62,Community,7,109,839,No,Yes,No,4.9,48794,1998
MALL000575,Royal Mall,Maharashtra,Mumbai,Sector 80,Regional,8,430,2594,Yes,No,No,4.6,33739,1998
MALL000576,City Centre Mall,Karnataka,Bengaluru,Sector 69,Regional,7,311,1938,No,No,Yes,4.4,39975,1995
MALL000577,Metro Plaza,Tamil Nadu,Chennai,Sector 34,Premium,6,468,312,No,No,No,3.7,16479,2009
MALL000578,Lulu Mall,Delhi,New Delhi,Sector 33,Regional,4,287,1251,Yes,Yes,No,3.9,8258,2023
MALL000579,City Centre Mall,Maharashtra,Pune,Sector 41,Community,7,90,809,No,No,Yes,4.0,14445,2019
MALL000580,Urban Galleria,Telangana,Hyderabad,Sector 63,Community,8,83,848,No,Yes,No,4.8,27628,2009
MALL000581,Royal Mall,Maharashtra,Mumbai,Sector 21,Community,6,127,877,No,Yes,Yes,3.6,28611,2022
MALL000582,Grand Square Mall,Tamil Nadu,Chennai,Sector 12,Luxury,8,95,1077,No,Yes,Yes,4.9,37314,1995
MALL000583,Royal Mall,Karnataka,Bengaluru,Sector 53,Regional,7,91,823,Yes,Yes,No,3.6,2320,1995
MALL000584,Royal Mall,Telangana,Hyderabad,Sector 68,Luxury,8,185,224,No,No,Yes,3.8,42320,2018
MALL000585,Metro Plaza,Telangana,Hyderabad,Sector 33,Community,4,479,1284,No,No,No,4.7,18143,2018
MALL000586,Ambience Mall,Delhi,New Delhi,Sector 14,Premium,5,160,2828,Yes,Yes,Yes,4.0,41102,2025
MALL000587,City Centre Mall,Tamil Nadu,Chennai,Sector 21,Luxury,6,302,1214,Yes,Yes,Yes,4.6,6842,1998
MALL000588,Lulu Mall,Karnataka,Bengaluru,Sector 53,Regional,8,308,2603,No,Yes,Yes,4.5,8804,2025
MALL000589,City Centre Mall,Delhi,New Delhi,Sector 67,Premium,7,348,405,No,No,No,3.6,37158,1997
MALL000590,DLF Mall of India,Delhi,New Delhi,Sector 18,Luxury,4,284,1012,Yes,No,No,3.8,33408,2021
MALL000591,Metro Plaza,Karnataka,Bengaluru,Sector 9,Regional,2,258,2717,No,Yes,Yes,5.0,20098,2022
MALL000592,Royal Mall,Telangana,Hyderabad,Sector 40,Luxury,6,133,670,Yes,Yes,Yes,4.0,45771,1999
MALL000593,Royal Mall,Tamil Nadu,Chennai,Sector 54,Luxury,3,57,1670,No,Yes,Yes,3.9,46709,1998
MALL000594,Royal Mall,Telangana,Hyderabad,Sector 20,Luxury,3,377,2586,Yes,No,No,4.4,34105,2009
MALL000595,Royal Mall,Delhi,New Delhi,Sector 13,Luxury,3,431,1458,No,No,Yes,4.9,48825,2001
MALL000596,DLF Mall of India,Maharashtra,Pune,Sector 46,Regional,8,108,2851,No,Yes,No,4.8,5328,2019
MALL000597,Royal Mall,Maharashtra,Mumbai,Sector 71,Regional,6,486,1706,No,No,Yes,4.4,21950,2005
MALL000598,Phoenix Marketcity,Karnataka,Bengaluru,Sector 7,Premium,2,90,434,Yes,No,No,4.6,24550,2007
MALL000599,Royal Mall,Telangana,Hyderabad,Sector 43,Regional,7,308,759,Yes,No,Yes,4.6,23221,2013
MALL000600,Urban Galleria,Maharashtra,Pune,Sector 78,Regional,5,319,1287,No,Yes,Yes,3.6,19955,2005
MALL000601,Urban Galleria,Karnataka,Bengaluru,Sector 50,Luxury,4,308,2171,Yes,Yes,No,4.5,8530,1998
MALL000602,City Centre Mall,Telangana,Hyderabad,Sector 51,Regional,6,198,1311,No,No,Yes,3.8,39001,2008
MALL000603,DLF Mall of India,Telangana,Hyderabad,Sector 29,Community,7,288,1467,No,Yes,Yes,3.8,17933,2005
MALL000604,City Centre Mall,Tamil Nadu,Chennai,Sector 77,Premium,7,409,1971,No,Yes,No,4.6,12149,2011
MALL000605,DLF Mall of India,Delhi,New Delhi,Sector 56,Premium,6,266,566,No,Yes,No,4.6,33457,1997
MALL000606,Grand Square Mall,Karnataka,Bengaluru,Sector 59,Community,8,427,575,Yes,No,Yes,3.8,26511,2023
MALL000607,Phoenix Marketcity,Telangana,Hyderabad,Sector 60,Luxury,8,499,1714,No,Yes,No,3.8,13739,2019
MALL000608,Lulu Mall,Telangana,Hyderabad,Sector 37,Premium,8,261,2734,Yes,Yes,Yes,4.0,6129,2005
MALL000609,City Centre Mall,Delhi,New Delhi,Sector 47,Premium,2,157,2669,No,No,Yes,4.5,14418,2009
MALL000610,Metro Plaza,Maharashtra,Mumbai,Sector 51,Luxury,4,335,2570,Yes,Yes,No,4.3,27923,2005
MALL000611,Royal Mall,Maharashtra,Mumbai,Sector 65,Premium,5,234,2842,No,No,Yes,3.6,10886,1996
MALL000612,Metro Plaza,Delhi,New Delhi,Sector 60,Community,3,297,2594,Yes,No,Yes,4.1,9244,2012
MALL000613,Grand Square Mall,Maharashtra,Pune,Sector 43,Luxury,4,407,2888,No,Yes,No,3.7,38309,2013
MALL000614,VR Mall,Karnataka,Bengaluru,Sector 80,Luxury,3,301,1199,No,Yes,No,4.9,19749,2014
MALL000615,Metro Plaza,Karnataka,Bengaluru,Sector 78,Luxury,4,398,436,Yes,No,Yes,4.0,4179,1996
MALL000616,Royal Mall,Telangana,Hyderabad,Sector 12,Luxury,7,311,927,No,No,No,3.9,31078,2008
MALL000617,DLF Mall of India,Delhi,New Delhi,Sector 55,Community,4,306,2833,No,Yes,No,4.2,33087,2008
MALL000618,DLF Mall of India,Karnataka,Bengaluru,Sector 14,Community,6,370,1775,Yes,Yes,Yes,4.9,1344,2007
MALL000619,Grand Square Mall,Maharashtra,Pune,Sector 57,Community,3,473,1452,No,Yes,Yes,4.3,30208,2019
MALL000620,Phoenix Marketcity,Karnataka,Bengaluru,Sector 3,Community,7,81,1032,Yes,No,Yes,4.0,33683,2018
MALL000621,Phoenix Marketcity,Tamil Nadu,Chennai,Sector 57,Community,5,95,1940,Yes,No,No,3.6,14448,1996
MALL000622,Royal Mall,Karnataka,Bengaluru,Sector 61,Regional,3,270,546,Yes,No,No,3.9,46133,1999
MALL000623,Royal Mall,Tamil Nadu,Chennai,Sector 6,Luxury,7,324,1524,No,Yes,Yes,4.8,45048,2000
MALL000624,Metro Plaza,Tamil Nadu,Chennai,Sector 2,Community,5,234,2657,No,Yes,No,4.9,22287,1996
MALL000625,Grand Square Mall,Maharashtra,Pune,Sector 28,Premium,2,461,2550,Yes,No,Yes,4.4,8186,2017
MALL000626,Lulu Mall,Karnataka,Bengaluru,Sector 25,Luxury,7,136,1716,No,No,No,4.9,3176,1998
MALL000627,Lulu Mall,Telangana,Hyderabad,Sector 68,Community,5,304,1059,Yes,No,No,3.5,31330,2000
MALL000628,Metro Plaza,Telangana,Hyderabad,Sector 65,Premium,2,349,1161,Yes,Yes,No,4.4,17506,2018
MALL000629,Royal Mall,Telangana,Hyderabad,Sector 73,Luxury,4,289,2198,No,No,No,4.1,9871,1996
MALL000630,Royal Mall,Karnataka,Bengaluru,Sector 31,Premium,7,481,1353,No,Yes,No,4.2,2788,2003
MALL000631,Metro Plaza,Karnataka,Bengaluru,Sector 18,Premium,6,190,637,Yes,No,No,4.0,45571,1995
MALL000632,Lulu Mall,Tamil Nadu,Chennai,Sector 8,Community,7,439,1095,Yes,No,No,4.4,5712,2000
MALL000633,Royal Mall,Maharashtra,Pune,Sector 6,Community,8,397,1737,No,Yes,No,3.7,415,2006
MALL000634,City Centre Mall,Telangana,Hyderabad,Sector 2,Premium,7,317,2512,No,Yes,No,3.7,48595,2005
MALL000635,City Centre Mall,Tamil Nadu,Chennai,Sector 64,Community,8,153,641,Yes,No,No,5.0,3734,2001
MALL000636,City Centre Mall,Maharashtra,Pune,Sector 16,Premium,2,252,1757,Yes,No,Yes,4.8,983,2010
MALL000637,Grand Square Mall,Tamil Nadu,Chennai,Sector 55,Regional,7,139,2832,No,Yes,Yes,4.9,35321,2010
MALL000638,Royal Mall,Delhi,New Delhi,Sector 52,Premium,2,176,2595,Yes,Yes,No,4.3,4919,2013
MALL000639,Metro Plaza,Karnataka,Bengaluru,Sector 42,Community,6,267,871,No,No,No,4.3,10766,2004
MALL000640,VR Mall,Karnataka,Bengaluru,Sector 21,Premium,7,265,2802,Yes,No,Yes,3.6,46117,1999
MALL000641,City Centre Mall,Karnataka,Bengaluru,Sector 41,Luxury,6,481,1166,No,No,No,4.9,38636,2007
MALL000642,Grand Square Mall,Telangana,Hyderabad,Sector 26,Regional,6,371,1449,Yes,No,No,3.5,22410,2022
MALL000643,Urban Galleria,Tamil Nadu,Chennai,Sector 11,Luxury,5,352,796,Yes,Yes,Yes,4.8,24668,2000
MALL000644,Grand Square Mall,Karnataka,Bengaluru,Sector 54,Premium,8,500,1301,Yes,No,Yes,3.7,22470,2015
MALL000645,City Centre Mall,Tamil Nadu,Chennai,Sector 77,Premium,4,322,561,Yes,No,Yes,4.8,2141,2025
MALL000646,Lulu Mall,Maharashtra,Mumbai,Sector 25,Regional,4,173,1227,Yes,No,No,4.6,16423,2011
MALL000647,Urban Galleria,Tamil Nadu,Chennai,Sector 43,Community,3,74,1677,Yes,No,Yes,4.8,40634,2003
MALL000648,Metro Plaza,Maharashtra,Mumbai,Sector 67,Premium,8,376,2635,No,No,Yes,4.6,3108,1997
MALL000649,VR Mall,Delhi,New Delhi,Sector 17,Luxury,8,436,277,Yes,Yes,Yes,5.0,39431,1995
MALL000650,Grand Square Mall,Karnataka,Bengaluru,Sector 69,Premium,4,229,1859,No,Yes,No,4.4,34464,2002
MALL000651,Metro Plaza,Tamil Nadu,Chennai,Sector 7,Luxury,5,97,2773,No,No,Yes,4.3,27400,2023
MALL000652,Metro Plaza,Karnataka,Bengaluru,Sector 77,Community,5,227,739,Yes,No,Yes,4.8,21579,2018
MALL000653,Metro Plaza,Maharashtra,Pune,Sector 67,Community,4,194,2378,Yes,No,No,4.7,36072,2004
MALL000654,Royal Mall,Maharashtra,Mumbai,Sector 18,Luxury,8,321,682,Yes,No,Yes,4.7,24321,2017
MALL000655,Grand Square Mall,Tamil Nadu,Chennai,Sector 7,Community,3,79,2803,No,Yes,No,4.5,24110,1998
MALL000656,Royal Mall,Delhi,New Delhi,Sector 38,Premium,6,494,276,No,No,Yes,4.7,5912,2018
MALL000657,Metro Plaza,Maharashtra,Mumbai,Sector 37,Premium,3,279,694,Yes,Yes,No,3.7,22816,2021
MALL000658,Urban Galleria,Tamil Nadu,Chennai,Sector 42,Regional,3,396,1686,No,Yes,Yes,3.6,10933,2024
MALL000659,Grand Square Mall,Delhi,New Delhi,Sector 64,Luxury,8,95,1141,Yes,Yes,No,4.7,17645,2010
MALL000660,Urban Galleria,Maharashtra,Mumbai,Sector 67,Luxury,2,495,1833,Yes,No,No,4.5,5331,1997
MALL000661,City Centre Mall,Maharashtra,Pune,Sector 35,Premium,4,122,212,No,Yes,No,4.5,6635,2017
MALL000662,Grand Square Mall,Telangana,Hyderabad,Sector 42,Luxury,5,236,508,Yes,Yes,Yes,4.5,47954,2006
MALL000663,Royal Mall,Telangana,Hyderabad,Sector 47,Regional,7,139,1323,Yes,Yes,Yes,4.1,17144,2021
MALL000664,Urban Galleria,Karnataka,Bengaluru,Sector 35,Community,2,403,449,Yes,No,Yes,4.7,22147,2021
MALL000665,Royal Mall,Telangana,Hyderabad,Sector 19,Regional,6,157,1300,No,No,Yes,4.4,27596,2018
MALL000666,City Centre Mall,Telangana,Hyderabad,Sector 40,Regional,3,135,591,No,No,No,3.9,305,2008
MALL000667,Metro Plaza,Karnataka,Bengaluru,Sector 33,Regional,7,372,973,Yes,Yes,Yes,4.0,49833,2010
MALL000668,Royal Mall,Karnataka,Bengaluru,Sector 45,Community,6,489,1924,No,No,No,4.4,22311,2023
MALL000669,DLF Mall of India,Telangana,Hyderabad,Sector 55,Community,3,211,2431,Yes,No,Yes,4.0,49450,2004
MALL000670,DLF Mall of India,Maharashtra,Pune,Sector 58,Community,3,250,2695,No,Yes,Yes,4.8,27397,1996
MALL000671,Grand Square Mall,Karnataka,Bengaluru,Sector 46,Community,2,107,914,No,Yes,Yes,5.0,32584,2024
MALL000672,Grand Square Mall,Karnataka,Bengaluru,Sector 9,Luxury,3,355,1203,Yes,No,No,4.1,487,2006
MALL000673,Grand Square Mall,Karnataka,Bengaluru,Sector 22,Premium,3,294,605,No,Yes,Yes,3.9,25172,2023
MALL000674,City Centre Mall,Delhi,New Delhi,Sector 22,Community,3,478,2855,Yes,No,No,4.0,36902,2002
MALL000675,Royal Mall,Telangana,Hyderabad,Sector 28,Premium,6,281,2888,Yes,No,Yes,4.1,26883,2005
MALL000676,Metro Plaza,Telangana,Hyderabad,Sector 16,Community,5,344,1013,Yes,Yes,No,4.8,9344,2020
MALL000677,Metro Plaza,Tamil Nadu,Chennai,Sector 52,Community,6,85,1996,Yes,No,Yes,3.7,47659,1995
MALL000678,Grand Square Mall,Tamil Nadu,Chennai,Sector 23,Regional,3,309,1395,No,Yes,No,4.7,21758,2017
MALL000679,Ambience Mall,Telangana,Hyderabad,Sector 46,Regional,3,343,1631,No,Yes,No,5.0,37320,2001
MALL000680,Urban Galleria,Karnataka,Bengaluru,Sector 42,Premium,5,147,2359,No,Yes,No,3.6,2031,2013
MALL000681,Grand Square Mall,Delhi,New Delhi,Sector 53,Community,5,300,1088,No,No,No,4.5,29154,2011
MALL000682,VR Mall,Maharashtra,Pune,Sector 25,Community,3,146,2766,No,Yes,No,3.9,3159,2006
MALL000683,Grand Square Mall,Karnataka,Bengaluru,Sector 44,Premium,8,108,3000,No,No,No,3.8,43790,2015
MALL000684,Urban Galleria,Karnataka,Bengaluru,Sector 10,Regional,4,370,2670,Yes,Yes,No,4.3,31168,2024
MALL000685,Metro Plaza,Maharashtra,Mumbai,Sector 46,Luxury,8,96,800,Yes,No,No,4.7,10850,2002
MALL000686,City Centre Mall,Maharashtra,Pune,Sector 20,Regional,7,341,1353,Yes,No,Yes,4.6,49378,2002
MALL000687,Urban Galleria,Karnataka,Bengaluru,Sector 29,Regional,2,473,2259,No,No,No,4.5,48219,2003
MALL000688,Lulu Mall,Tamil Nadu,Chennai,Sector 62,Premium,4,289,2185,Yes,No,No,3.6,2667,2023
MALL000689,Metro Plaza,Telangana,Hyderabad,Sector 23,Premium,4,396,1389,Yes,Yes,No,4.8,9191,2021
MALL000690,Lulu Mall,Telangana,Hyderabad,Sector 43,Regional,5,295,1632,No,No,Yes,4.5,4361,1995
MALL000691,Urban Galleria,Maharashtra,Pune,Sector 49,Community,2,370,421,No,Yes,No,4.4,39405,2000
MALL000692,Urban Galleria,Telangana,Hyderabad,Sector 39,Community,3,458,2568,Yes,No,Yes,4.0,32850,2025
MALL000693,Metro Plaza,Maharashtra,Mumbai,Sector 76,Luxury,6,341,511,No,Yes,No,4.9,3254,1996
MALL000694,Grand Square Mall,Karnataka,Bengaluru,Sector 71,Community,6,480,1199,Yes,Yes,No,3.6,5306,2010
MALL000695,Grand Square Mall,Tamil Nadu,Chennai,Sector 44,Luxury,7,83,1384,No,No,Yes,4.4,15119,2024
MALL000696,Grand Square Mall,Maharashtra,Pune,Sector 2,Community,2,463,1835,Yes,Yes,Yes,4.1,35036,2024
MALL000697,DLF Mall of India,Karnataka,Bengaluru,Sector 68,Luxury,7,377,1286,Yes,No,Yes,4.7,32821,2015
MALL000698,City Centre Mall,Delhi,New Delhi,Sector 30,Community,8,442,2341,Yes,Yes,No,4.0,20859,2018
MALL000699,Lulu Mall,Tamil Nadu,Chennai,Sector 59,Regional,3,384,471,Yes,Yes,No,4.7,17242,2022
MALL000700,Metro Plaza,Tamil Nadu,Chennai,Sector 56,Luxury,5,369,2567,No,No,No,4.0,33097,2001
MALL000701,Lulu Mall,Telangana,Hyderabad,Sector 52,Community,5,500,1877,No,Yes,No,4.3,19624,2018
MALL000702,City Centre Mall,Telangana,Hyderabad,Sector 53,Luxury,2,188,2371,Yes,No,Yes,4.1,33742,2011
MALL000703,Metro Plaza,Tamil Nadu,Chennai,Sector 23,Community,4,312,1691,No,Yes,No,4.7,3225,2013
MALL000704,DLF Mall of India,Telangana,Hyderabad,Sector 75,Premium,8,182,491,Yes,No,Yes,3.7,9102,2017
MALL000705,VR Mall,Tamil Nadu,Chennai,Sector 49,Premium,7,94,777,Yes,Yes,Yes,4.5,37027,2004
MALL000706,City Centre Mall,Telangana,Hyderabad,Sector 33,Community,5,79,2173,Yes,Yes,No,4.8,18039,2013
MALL000707,Urban Galleria,Tamil Nadu,Chennai,Sector 13,Regional,6,376,2115,No,Yes,Yes,4.2,37396,2019
MALL000708,Metro Plaza,Karnataka,Bengaluru,Sector 37,Community,2,469,663,No,Yes,Yes,4.7,20365,1997
MALL000709,Metro Plaza,Tamil Nadu,Chennai,Sector 64,Luxury,2,416,2384,Yes,No,Yes,4.0,31278,2006
MALL000710,Grand Square Mall,Karnataka,Bengaluru,Sector 29,Community,4,398,2415,Yes,Yes,No,4.8,36479,2019
MALL000711,DLF Mall of India,Tamil Nadu,Chennai,Sector 19,Community,3,245,319,No,No,Yes,4.9,1163,2012
MALL000712,Royal Mall,Karnataka,Bengaluru,Sector 11,Premium,2,337,2432,No,No,Yes,4.0,20321,2002
MALL000713,Lulu Mall,Karnataka,Bengaluru,Sector 67,Luxury,2,342,747,No,Yes,No,4.0,16243,2015
MALL000714,Phoenix Marketcity,Karnataka,Bengaluru,Sector 71,Regional,2,105,2749,Yes,No,No,3.5,4787,2006
MALL000715,Royal Mall,Karnataka,Bengaluru,Sector 29,Luxury,2,344,2724,No,No,No,4.9,5364,1996
MALL000716,DLF Mall of India,Delhi,New Delhi,Sector 46,Premium,8,167,1061,No,Yes,Yes,4.2,4229,2009
MALL000717,Metro Plaza,Telangana,Hyderabad,Sector 51,Luxury,2,316,2380,Yes,Yes,No,4.7,19721,2007
MALL000718,City Centre Mall,Maharashtra,Mumbai,Sector 12,Community,7,277,1956,No,No,Yes,4.7,41949,2001
MALL000719,City Centre Mall,Telangana,Hyderabad,Sector 9,Luxury,6,255,2518,No,Yes,Yes,4.1,35216,2012
MALL000720,Grand Square Mall,Tamil Nadu,Chennai,Sector 42,Luxury,6,279,798,No,No,No,3.8,20513,2021
MALL000721,DLF Mall of India,Maharashtra,Mumbai,Sector 45,Regional,2,418,1294,Yes,No,No,4.3,4478,2023
MALL000722,Metro Plaza,Maharashtra,Mumbai,Sector 53,Premium,6,71,903,No,Yes,Yes,3.7,5253,2022
MALL000723,Royal Mall,Karnataka,Bengaluru,Sector 70,Regional,4,204,1992,Yes,Yes,Yes,4.0,18978,2009
MALL000724,Metro Plaza,Tamil Nadu,Chennai,Sector 75,Community,8,317,2790,No,No,No,4.6,7880,2004
MALL000725,Metro Plaza,Maharashtra,Pune,Sector 38,Luxury,7,300,1329,No,No,Yes,4.1,33505,2000
MALL000726,Grand Square Mall,Delhi,New Delhi,Sector 35,Community,5,320,461,Yes,Yes,No,4.9,34454,2007
MALL000727,City Centre Mall,Tamil Nadu,Chennai,Sector 7,Luxury,7,276,1854,Yes,No,No,4.0,13278,2009
MALL000728,Urban Galleria,Telangana,Hyderabad,Sector 53,Luxury,3,65,2766,Yes,No,Yes,4.3,11513,2015
MALL000729,Urban Galleria,Maharashtra,Pune,Sector 60,Premium,5,465,1460,No,Yes,No,4.7,18872,2025
MALL000730,Urban Galleria,Karnataka,Bengaluru,Sector 47,Community,7,186,1579,Yes,No,Yes,4.8,38660,2008
MALL000731,Lulu Mall,Tamil Nadu,Chennai,Sector 68,Premium,8,178,2334,Yes,No,No,3.9,1881,2009
MALL000732,DLF Mall of India,Tamil Nadu,Chennai,Sector 30,Community,6,388,439,Yes,Yes,Yes,4.1,33243,2007
MALL000733,Royal Mall,Tamil Nadu,Chennai,Sector 12,Community,2,428,926,Yes,No,No,4.4,5704,1998
MALL000734,Grand Square Mall,Delhi,New Delhi,Sector 62,Regional,2,123,1318,Yes,Yes,Yes,3.6,35290,2023
MALL000735,Urban Galleria,Karnataka,Bengaluru,Sector 50,Premium,8,207,532,Yes,No,No,3.6,16592,2015
MALL000736,Royal Mall,Tamil Nadu,Chennai,Sector 16,Premium,3,386,368,Yes,Yes,No,4.6,21126,2018
MALL000737,DLF Mall of India,Karnataka,Bengaluru,Sector 54,Regional,8,257,1834,No,Yes,No,3.7,42961,2012
MALL000738,Phoenix Marketcity,Karnataka,Bengaluru,Sector 30,Premium,4,446,768,No,No,Yes,3.7,31280,2008
MALL000739,Metro Plaza,Telangana,Hyderabad,Sector 55,Community,2,192,1851,No,Yes,No,4.6,14139,2012
MALL000740,Ambience Mall,Delhi,New Delhi,Sector 69,Community,8,87,1658,No,No,Yes,4.0,5374,2019
MALL000741,Urban Galleria,Delhi,New Delhi,Sector 60,Regional,6,109,1410,Yes,No,Yes,4.5,31361,2020
MALL000742,Royal Mall,Karnataka,Bengaluru,Sector 27,Luxury,3,181,1019,No,No,Yes,3.8,25154,2002
MALL000743,City Centre Mall,Karnataka,Bengaluru,Sector 18,Community,7,71,2992,No,Yes,Yes,4.9,4642,2019
MALL000744,Royal Mall,Maharashtra,Pune,Sector 10,Premium,7,298,1104,No,No,No,3.8,46315,2016
MALL000745,Metro Plaza,Maharashtra,Mumbai,Sector 55,Community,5,55,2925,Yes,No,No,3.9,23652,2020
MALL000746,City Centre Mall,Tamil Nadu,Chennai,Sector 11,Regional,5,473,697,Yes,Yes,Yes,4.3,16878,2019
MALL000747,City Centre Mall,Tamil Nadu,Chennai,Sector 79,Premium,8,138,2849,No,No,No,4.0,19595,2021
MALL000748,VR Mall,Telangana,Hyderabad,Sector 60,Luxury,3,89,2916,No,No,No,4.4,1891,2000
MALL000749,Grand Square Mall,Maharashtra,Mumbai,Sector 77,Community,8,481,2048,Yes,Yes,Yes,4.8,34801,1997
MALL000750,Urban Galleria,Tamil Nadu,Chennai,Sector 29,Premium,8,289,2502,Yes,No,No,4.9,16040,2023
MALL000751,Metro Plaza,Karnataka,Bengaluru,Sector 15,Community,3,369,333,No,No,Yes,3.6,40196,2013
MALL000752,DLF Mall of India,Maharashtra,Pune,Sector 53,Regional,8,179,1677,Yes,Yes,Yes,4.7,13796,2022
MALL000753,Lulu Mall,Maharashtra,Pune,Sector 76,Community,7,458,1932,Yes,Yes,No,4.2,12342,2021
MALL000754,VR Mall,Telangana,Hyderabad,Sector 35,Luxury,8,277,606,Yes,No,No,4.8,16599,2018
MALL000755,Grand Square Mall,Tamil Nadu,Chennai,Sector 51,Regional,2,488,636,Yes,No,Yes,5.0,3425,2019
MALL000756,Grand Square Mall,Delhi,New Delhi,Sector 21,Regional,3,304,2967,No,Yes,No,4.4,48506,2014
MALL000757,Grand Square Mall,Karnataka,Bengaluru,Sector 5,Community,3,388,1611,Yes,No,Yes,4.8,2946,2000
MALL000758,Royal Mall,Maharashtra,Pune,Sector 16,Premium,4,496,1505,No,Yes,No,4.2,15436,2012
MALL000759,City Centre Mall,Karnataka,Bengaluru,Sector 60,Luxury,2,162,2836,Yes,No,No,3.8,9243,2012
MALL000760,City Centre Mall,Delhi,New Delhi,Sector 70,Premium,3,177,292,No,Yes,Yes,3.6,29179,2024
MALL000761,DLF Mall of India,Delhi,New Delhi,Sector 5,Premium,3,498,2416,No,No,No,3.6,23395,2024
MALL000762,Metro Plaza,Maharashtra,Pune,Sector 70,Regional,5,164,2945,Yes,No,Yes,4.5,16222,2021
MALL000763,Royal Mall,Maharashtra,Mumbai,Sector 25,Community,5,281,2075,Yes,Yes,No,3.6,14327,1996
MALL000764,Royal Mall,Maharashtra,Mumbai,Sector 65,Community,5,250,2119,No,Yes,No,3.7,46973,1998
MALL000765,Lulu Mall,Maharashtra,Mumbai,Sector 5,Regional,4,85,2343,Yes,No,Yes,4.4,20941,2013
MALL000766,Grand Square Mall,Telangana,Hyderabad,Sector 11,Regional,8,53,1845,No,No,Yes,4.4,21269,2005
MALL000767,City Centre Mall,Karnataka,Bengaluru,Sector 35,Luxury,6,182,2704,Yes,No,Yes,4.9,29433,2002
MALL000768,Metro Plaza,Telangana,Hyderabad,Sector 51,Luxury,3,437,2043,Yes,Yes,No,3.8,30949,2013
MALL000769,Urban Galleria,Karnataka,Bengaluru,Sector 74,Luxury,5,492,1627,Yes,No,No,3.5,42410,2024
MALL000770,Metro Plaza,Delhi,New Delhi,Sector 73,Premium,3,296,2114,No,Yes,No,4.5,39964,1998
MALL000771,Grand Square Mall,Tamil Nadu,Chennai,Sector 20,Premium,8,374,2532,Yes,No,No,4.9,47181,2002
MALL000772,Metro Plaza,Maharashtra,Mumbai,Sector 59,Premium,7,267,1444,Yes,Yes,No,4.7,15352,2005
MALL000773,Metro Plaza,Telangana,Hyderabad,Sector 38,Community,2,308,2349,Yes,Yes,No,4.8,34002,2007
MALL000774,Lulu Mall,Karnataka,Bengaluru,Sector 55,Luxury,4,128,2174,Yes,No,Yes,3.6,31768,2001
MALL000775,DLF Mall of India,Delhi,New Delhi,Sector 41,Regional,6,109,551,Yes,Yes,Yes,4.0,9730,2016
MALL000776,Metro Plaza,Telangana,Hyderabad,Sector 42,Luxury,2,391,368,No,Yes,No,4.2,3149,2024
MALL000777,Metro Plaza,Delhi,New Delhi,Sector 56,Luxury,2,410,1093,No,Yes,Yes,4.2,47044,2022
MALL000778,Royal Mall,Karnataka,Bengaluru,Sector 20,Luxury,2,78,1168,Yes,Yes,Yes,3.9,39970,2021
MALL000779,City Centre Mall,Tamil Nadu,Chennai,Sector 4,Luxury,8,166,2526,No,Yes,Yes,3.8,33209,1997
MALL000780,VR Mall,Karnataka,Bengaluru,Sector 53,Regional,6,248,2773,Yes,Yes,No,4.1,14677,2024
MALL000781,City Centre Mall,Maharashtra,Mumbai,Sector 29,Premium,4,145,1116,Yes,No,Yes,4.8,29916,2011
MALL000782,Royal Mall,Tamil Nadu,Chennai,Sector 52,Community,8,299,996,Yes,Yes,Yes,4.5,7566,2007
MALL000783,Royal Mall,Delhi,New Delhi,Sector 8,Luxury,2,206,1987,No,Yes,No,4.6,5692,2003
MALL000784,Urban Galleria,Delhi,New Delhi,Sector 45,Premium,7,304,1495,Yes,No,No,4.8,46086,2019
MALL000785,Royal Mall,Tamil Nadu,Chennai,Sector 67,Regional,6,134,2773,No,No,No,4.1,45753,2013
MALL000786,Royal Mall,Karnataka,Bengaluru,Sector 24,Regional,6,385,488,No,No,No,4.2,41933,2010
MALL000787,Royal Mall,Maharashtra,Mumbai,Sector 75,Luxury,7,62,2592,No,Yes,No,3.6,2834,2015
MALL000788,City Centre Mall,Tamil Nadu,Chennai,Sector 55,Luxury,4,303,1232,Yes,Yes,Yes,3.9,39282,1997
MALL000789,Urban Galleria,Delhi,New Delhi,Sector 62,Community,8,390,2180,No,Yes,Yes,4.1,49751,2010
MALL000790,Lulu Mall,Telangana,Hyderabad,Sector 62,Luxury,3,295,2259,Yes,Yes,Yes,3.7,23559,1996
MALL000791,Metro Plaza,Maharashtra,Mumbai,Sector 74,Premium,8,197,2616,Yes,Yes,Yes,4.1,23037,2015
MALL000792,Royal Mall,Karnataka,Bengaluru,Sector 50,Regional,8,72,464,No,No,No,3.5,44780,2008
MALL000793,City Centre Mall,Karnataka,Bengaluru,Sector 28,Community,5,199,501,Yes,Yes,No,4.7,27021,2017
MALL000794,Royal Mall,Telangana,Hyderabad,Sector 11,Community,6,148,443,No,Yes,Yes,4.6,16366,2016
MALL000795,Royal Mall,Telangana,Hyderabad,Sector 23,Luxury,6,456,479,Yes,Yes,Yes,3.9,1556,2024
MALL000796,Lulu Mall,Tamil Nadu,Chennai,Sector 4,Regional,3,499,2873,Yes,No,Yes,4.3,30598,2016
MALL000797,City Centre Mall,Telangana,Hyderabad,Sector 36,Premium,6,99,1470,No,No,Yes,4.3,38105,2022
MALL000798,Urban Galleria,Tamil Nadu,Chennai,Sector 80,Luxury,8,96,267,No,Yes,No,4.1,463,2009
MALL000799,Royal Mall,Karnataka,Bengaluru,Sector 50,Luxury,7,271,899,No,Yes,No,3.9,38485,2000
MALL000800,Urban Galleria,Delhi,New Delhi,Sector 28,Regional,8,191,1938,No,No,No,4.3,8736,2015
MALL000801,City Centre Mall,Maharashtra,Mumbai,Sector 67,Premium,4,427,2814,No,No,Yes,3.7,9272,1995
MALL000802,Metro Plaza,Tamil Nadu,Chennai,Sector 23,Community,8,72,1355,Yes,No,Yes,4.0,4038,2024
MALL000803,Royal Mall,Maharashtra,Pune,Sector 11,Community,6,260,805,Yes,Yes,No,3.6,22772,2012
MALL000804,City Centre Mall,Delhi,New Delhi,Sector 25,Community,2,389,263,Yes,No,No,3.7,3683,2014
MALL000805,City Centre Mall,Karnataka,Bengaluru,Sector 24,Premium,7,248,2929,No,Yes,Yes,4.4,20990,2000
MALL000806,Lulu Mall,Tamil Nadu,Chennai,Sector 34,Premium,5,246,1979,Yes,No,Yes,4.2,23274,2014
MALL000807,DLF Mall of India,Tamil Nadu,Chennai,Sector 48,Community,5,368,1103,Yes,Yes,Yes,3.7,10308,2006
MALL000808,Grand Square Mall,Tamil Nadu,Chennai,Sector 18,Luxury,2,109,1160,No,No,No,3.7,40793,2000
MALL000809,Royal Mall,Tamil Nadu,Chennai,Sector 42,Community,4,405,1104,Yes,No,Yes,3.9,41663,1998
MALL000810,Ambience Mall,Tamil Nadu,Chennai,Sector 10,Luxury,2,105,2903,No,Yes,No,4.7,22763,2023
MALL000811,Metro Plaza,Telangana,Hyderabad,Sector 32,Luxury,2,113,439,Yes,Yes,Yes,4.3,45371,2020
MALL000812,Urban Galleria,Tamil Nadu,Chennai,Sector 67,Community,3,196,1708,Yes,Yes,Yes,4.0,29843,2025
MALL000813,DLF Mall of India,Maharashtra,Pune,Sector 78,Luxury,7,162,570,Yes,Yes,No,4.2,10721,2015
MALL000814,VR Mall,Telangana,Hyderabad,Sector 11,Premium,8,138,2827,Yes,No,No,3.5,15889,2022
MALL000815,Grand Square Mall,Tamil Nadu,Chennai,Sector 34,Premium,3,322,374,Yes,No,Yes,4.1,19806,2011
MALL000816,VR Mall,Tamil Nadu,Chennai,Sector 22,Luxury,4,83,2883,Yes,Yes,Yes,4.1,40788,2002
MALL000817,Urban Galleria,Maharashtra,Mumbai,Sector 67,Regional,2,104,1953,No,Yes,Yes,4.8,24643,2011
MALL000818,City Centre Mall,Maharashtra,Pune,Sector 11,Luxury,5,217,1717,Yes,Yes,No,4.3,8886,2010
MALL000819,Grand Square Mall,Karnataka,Bengaluru,Sector 20,Luxury,3,340,2465,Yes,Yes,Yes,3.9,5117,2012
MALL000820,Grand Square Mall,Tamil Nadu,Chennai,Sector 25,Regional,5,103,1200,Yes,Yes,Yes,4.8,25166,1995
MALL000821,City Centre Mall,Tamil Nadu,Chennai,Sector 17,Regional,5,267,2855,Yes,No,Yes,3.7,23833,2023
MALL000822,Royal Mall,Telangana,Hyderabad,Sector 25,Luxury,5,57,2030,No,No,No,3.7,26911,2012
MALL000823,City Centre Mall,Maharashtra,Pune,Sector 7,Community,6,121,2798,No,No,No,4.4,41738,2018
MALL000824,Grand Square Mall,Telangana,Hyderabad,Sector 47,Community,5,398,1653,No,No,No,4.0,36808,2013
MALL000825,Metro Plaza,Karnataka,Bengaluru,Sector 11,Regional,5,225,2516,Yes,No,Yes,4.6,39046,2007
MALL000826,City Centre Mall,Tamil Nadu,Chennai,Sector 24,Regional,5,186,1615,Yes,Yes,No,4.7,13848,2022
MALL000827,Ambience Mall,Tamil Nadu,Chennai,Sector 19,Premium,4,203,1681,Yes,Yes,Yes,3.7,44628,2007
MALL000828,Grand Square Mall,Maharashtra,Mumbai,Sector 23,Luxury,8,148,1907,No,Yes,No,3.7,22884,2024
MALL000829,Metro Plaza,Telangana,Hyderabad,Sector 19,Premium,2,127,2491,No,No,No,4.6,21946,2013
MALL000830,Grand Square Mall,Delhi,New Delhi,Sector 78,Premium,2,250,2825,No,Yes,Yes,4.2,44184,2017
MALL000831,Urban Galleria,Karnataka,Bengaluru,Sector 66,Regional,3,368,559,Yes,Yes,No,4.2,44098,2024
MALL000832,Metro Plaza,Karnataka,Bengaluru,Sector 62,Community,6,109,1974,No,Yes,Yes,4.1,44304,2025
MALL000833,Urban Galleria,Delhi,New Delhi,Sector 20,Regional,3,212,913,Yes,No,No,4.7,2176,1999
MALL000834,Royal Mall,Karnataka,Bengaluru,Sector 16,Community,3,446,684,Yes,No,No,3.8,29197,1997
MALL000835,City Centre Mall,Maharashtra,Mumbai,Sector 58,Community,6,93,732,Yes,No,Yes,4.2,41622,2005
MALL000836,Urban Galleria,Telangana,Hyderabad,Sector 68,Regional,4,64,532,No,Yes,No,4.2,22051,2024
MALL000837,Urban Galleria,Maharashtra,Mumbai,Sector 29,Community,5,221,2370,No,No,Yes,4.0,14948,2022
MALL000838,Grand Square Mall,Karnataka,Bengaluru,Sector 46,Premium,4,169,2636,No,Yes,No,3.7,7919,2012
MALL000839,Grand Square Mall,Delhi,New Delhi,Sector 8,Premium,7,248,265,Yes,Yes,No,3.6,31652,2003
MALL000840,Urban Galleria,Delhi,New Delhi,Sector 47,Community,8,253,2070,Yes,No,Yes,4.9,31688,2018
MALL000841,Royal Mall,Delhi,New Delhi,Sector 13,Community,8,471,1876,Yes,Yes,Yes,4.7,35310,2005
MALL000842,Urban Galleria,Tamil Nadu,Chennai,Sector 7,Luxury,6,208,789,Yes,No,No,4.7,1020,2020
MALL000843,City Centre Mall,Tamil Nadu,Chennai,Sector 8,Regional,3,496,999,Yes,No,No,4.8,1596,2005
MALL000844,Urban Galleria,Maharashtra,Pune,Sector 67,Regional,6,76,1199,No,No,No,3.8,18234,2003
MALL000845,Grand Square Mall,Delhi,New Delhi,Sector 47,Premium,7,288,2709,No,No,Yes,4.3,15327,2006
MALL000846,Grand Square Mall,Karnataka,Bengaluru,Sector 49,Premium,2,250,681,No,Yes,Yes,4.5,32668,2021
MALL000847,Metro Plaza,Karnataka,Bengaluru,Sector 49,Regional,4,315,2911,Yes,Yes,No,4.5,10025,2013
MALL000848,Royal Mall,Karnataka,Bengaluru,Sector 13,Luxury,2,396,1814,Yes,Yes,No,4.4,13909,2005
MALL000849,Metro Plaza,Telangana,Hyderabad,Sector 66,Regional,8,157,1538,Yes,No,No,4.3,45185,2002
MALL000850,Metro Plaza,Tamil Nadu,Chennai,Sector 59,Community,2,324,2751,Yes,Yes,No,4.9,25341,2005
MALL000851,VR Mall,Telangana,Hyderabad,Sector 22,Luxury,8,384,1960,No,Yes,No,3.7,17567,1999
MALL000852,Metro Plaza,Delhi,New Delhi,Sector 69,Premium,3,467,1832,No,No,Yes,4.7,37104,1998
MALL000853,Ambience Mall,Karnataka,Bengaluru,Sector 66,Regional,2,292,408,Yes,No,Yes,3.6,9634,2024
MALL000854,Metro Plaza,Maharashtra,Mumbai,Sector 14,Luxury,6,262,1420,Yes,Yes,Yes,4.2,29903,2016
MALL000855,Metro Plaza,Delhi,New Delhi,Sector 50,Premium,8,264,2596,No,Yes,Yes,3.5,28379,1998
MALL000856,VR Mall,Telangana,Hyderabad,Sector 41,Luxury,2,139,1825,Yes,Yes,Yes,4.4,1379,1997
MALL000857,Metro Plaza,Maharashtra,Pune,Sector 30,Premium,3,389,1059,No,No,Yes,4.5,35154,2005
MALL000858,Royal Mall,Delhi,New Delhi,Sector 67,Premium,8,300,1023,No,Yes,Yes,4.8,14742,2018
MALL000859,Royal Mall,Tamil Nadu,Chennai,Sector 80,Premium,3,132,2063,Yes,No,No,5.0,10300,2003
MALL000860,Metro Plaza,Maharashtra,Mumbai,Sector 77,Luxury,2,162,653,Yes,No,No,4.5,26061,2001
MALL000861,Grand Square Mall,Karnataka,Bengaluru,Sector 64,Premium,2,429,2182,Yes,Yes,Yes,4.6,45915,2024
MALL000862,City Centre Mall,Telangana,Hyderabad,Sector 23,Regional,3,393,1673,Yes,No,No,3.8,38864,2018
MALL000863,Royal Mall,Tamil Nadu,Chennai,Sector 2,Luxury,6,183,2140,No,Yes,Yes,4.0,27510,1996
MALL000864,Urban Galleria,Maharashtra,Pune,Sector 79,Premium,8,118,921,Yes,Yes,Yes,4.1,31929,1998
MALL000865,Royal Mall,Karnataka,Bengaluru,Sector 64,Luxury,7,437,1271,Yes,No,No,3.7,31589,2003
MALL000866,Metro Plaza,Delhi,New Delhi,Sector 34,Regional,6,121,2611,Yes,No,No,4.4,47903,2018
MALL000867,Urban Galleria,Karnataka,Bengaluru,Sector 36,Luxury,6,269,934,No,Yes,Yes,4.9,10600,2001
MALL000868,DLF Mall of India,Karnataka,Bengaluru,Sector 40,Premium,4,471,1469,Yes,No,Yes,3.9,39827,2009
MALL000869,Phoenix Marketcity,Delhi,New Delhi,Sector 33,Community,3,119,2848,Yes,No,Yes,3.9,22109,2001
MALL000870,Urban Galleria,Maharashtra,Mumbai,Sector 66,Regional,5,121,1361,No,Yes,No,4.7,49919,1997
MALL000871,Metro Plaza,Karnataka,Bengaluru,Sector 1,Regional,4,329,1703,No,No,Yes,4.1,30274,2012
MALL000872,Metro Plaza,Tamil Nadu,Chennai,Sector 11,Luxury,5,159,1650,No,No,No,4.3,15924,2007
MALL000873,Metro Plaza,Maharashtra,Pune,Sector 8,Community,4,172,1304,Yes,Yes,No,4.3,3529,2016
MALL000874,Urban Galleria,Telangana,Hyderabad,Sector 45,Community,8,182,2711,No,No,Yes,4.7,19261,2008
MALL000875,City Centre Mall,Karnataka,Bengaluru,Sector 32,Luxury,6,177,516,Yes,No,No,4.9,41859,1998
MALL000876,City Centre Mall,Maharashtra,Pune,Sector 6,Regional,8,278,1384,Yes,No,Yes,4.3,33525,1997
MALL000877,City Centre Mall,Delhi,New Delhi,Sector 50,Luxury,7,63,1827,Yes,Yes,Yes,4.4,24504,2019
MALL000878,Grand Square Mall,Maharashtra,Mumbai,Sector 15,Regional,8,491,2690,No,No,Yes,4.6,7235,2017
MALL000879,Grand Square Mall,Delhi,New Delhi,Sector 42,Community,3,105,2004,Yes,No,Yes,4.4,1368,2000
MALL000880,Metro Plaza,Delhi,New Delhi,Sector 18,Premium,2,125,1541,No,No,No,3.8,42183,2006
MALL000881,Lulu Mall,Maharashtra,Mumbai,Sector 70,Luxury,4,323,2074,Yes,No,No,4.4,20489,2015
MALL000882,Urban Galleria,Karnataka,Bengaluru,Sector 23,Regional,4,70,295,No,No,Yes,4.3,40660,2002
MALL000883,City Centre Mall,Delhi,New Delhi,Sector 23,Premium,7,382,2339,Yes,Yes,No,3.6,21644,2014
MALL000884,City Centre Mall,Delhi,New Delhi,Sector 6,Premium,8,376,2420,Yes,No,Yes,3.7,42257,2003
MALL000885,Phoenix Marketcity,Tamil Nadu,Chennai,Sector 37,Regional,4,362,463,Yes,No,No,4.9,42259,2008
MALL000886,Metro Plaza,Tamil Nadu,Chennai,Sector 12,Premium,2,418,952,Yes,Yes,Yes,5.0,18168,2006
MALL000887,Metro Plaza,Tamil Nadu,Chennai,Sector 70,Luxury,2,51,1811,No,No,Yes,3.7,37203,2004
MALL000888,Grand Square Mall,Delhi,New Delhi,Sector 1,Community,2,492,2382,No,Yes,No,3.8,35594,2002
MALL000889,Grand Square Mall,Tamil Nadu,Chennai,Sector 31,Luxury,3,387,512,No,Yes,No,4.5,43307,2020
MALL000890,City Centre Mall,Tamil Nadu,Chennai,Sector 40,Premium,8,407,660,No,No,No,3.8,47787,2015
MALL000891,Royal Mall,Maharashtra,Pune,Sector 40,Premium,5,54,1702,No,Yes,No,4.7,8635,2012
MALL000892,Phoenix Marketcity,Delhi,New Delhi,Sector 58,Regional,6,342,697,Yes,No,No,4.3,19456,2007
MALL000893,Grand Square Mall,Delhi,New Delhi,Sector 57,Community,3,330,1360,No,Yes,Yes,4.4,18050,2015
MALL000894,Urban Galleria,Tamil Nadu,Chennai,Sector 37,Community,8,499,1946,Yes,No,No,4.3,4329,1995
MALL000895,Phoenix Marketcity,Delhi,New Delhi,Sector 13,Luxury,3,159,2275,No,Yes,Yes,4.4,9117,2000
MALL000896,Urban Galleria,Maharashtra,Mumbai,Sector 53,Community,6,72,2624,Yes,No,Yes,3.7,10541,2001
MALL000897,VR Mall,Tamil Nadu,Chennai,Sector 67,Regional,2,241,914,Yes,Yes,Yes,4.2,24347,2001
MALL000898,City Centre Mall,Maharashtra,Pune,Sector 48,Luxury,5,63,308,Yes,No,Yes,4.2,43605,2009
MALL000899,Royal Mall,Delhi,New Delhi,Sector 12,Premium,6,431,649,Yes,Yes,Yes,5.0,48028,2014
MALL000900,Metro Plaza,Karnataka,Bengaluru,Sector 29,Community,3,388,1762,No,Yes,Yes,4.9,16379,2008
MALL000901,Grand Square Mall,Tamil Nadu,Chennai,Sector 34,Community,4,101,2307,Yes,No,No,4.7,37570,2006
MALL000902,Metro Plaza,Karnataka,Bengaluru,Sector 50,Regional,6,76,622,No,No,No,3.5,14628,1996
MALL000903,Phoenix Marketcity,Karnataka,Bengaluru,Sector 74,Premium,4,409,2707,No,No,No,4.7,22292,2008
MALL000904,City Centre Mall,Karnataka,Bengaluru,Sector 33,Community,4,63,1931,No,No,No,3.9,28372,2004
MALL000905,DLF Mall of India,Tamil Nadu,Chennai,Sector 50,Luxury,7,359,2325,No,Yes,Yes,5.0,10504,2011
MALL000906,Ambience Mall,Telangana,Hyderabad,Sector 68,Regional,8,384,471,No,No,Yes,3.9,4137,2024
MALL000907,Grand Square Mall,Karnataka,Bengaluru,Sector 31,Regional,5,305,2610,No,Yes,Yes,3.6,25041,2015
MALL000908,City Centre Mall,Delhi,New Delhi,Sector 13,Premium,7,175,2378,No,No,Yes,3.8,5792,2011
MALL000909,VR Mall,Delhi,New Delhi,Sector 22,Premium,3,256,1812,No,Yes,Yes,3.9,27094,1999
MALL000910,Metro Plaza,Delhi,New Delhi,Sector 68,Premium,2,215,336,No,No,No,4.3,5558,2018
MALL000911,Metro Plaza,Tamil Nadu,Chennai,Sector 6,Community,3,418,1336,No,Yes,No,4.8,15764,1998
MALL000912,Royal Mall,Telangana,Hyderabad,Sector 8,Community,3,223,2926,Yes,Yes,Yes,4.5,23752,2020
MALL000913,Grand Square Mall,Maharashtra,Pune,Sector 16,Premium,7,322,2891,Yes,No,Yes,4.9,44668,1999
MALL000914,City Centre Mall,Karnataka,Bengaluru,Sector 10,Premium,7,261,1926,Yes,No,Yes,4.5,32132,2014
MALL000915,Royal Mall,Delhi,New Delhi,Sector 10,Regional,3,332,992,Yes,Yes,No,4.1,11925,2013
MALL000916,Urban Galleria,Delhi,New Delhi,Sector 61,Community,5,243,1402,Yes,Yes,Yes,4.8,5565,2024
MALL000917,DLF Mall of India,Maharashtra,Pune,Sector 59,Regional,6,461,484,Yes,Yes,No,4.3,30884,2020
MALL000918,City Centre Mall,Tamil Nadu,Chennai,Sector 78,Premium,4,288,955,No,No,Yes,3.7,7807,2016
MALL000919,Grand Square Mall,Maharashtra,Mumbai,Sector 46,Premium,2,441,1539,Yes,No,No,3.8,3884,2018
MALL000920,City Centre Mall,Delhi,New Delhi,Sector 2,Luxury,5,191,1867,No,No,No,4.6,5836,2016
MALL000921,City Centre Mall,Delhi,New Delhi,Sector 16,Community,4,482,1676,Yes,Yes,No,4.6,5074,2014
MALL000922,Royal Mall,Tamil Nadu,Chennai,Sector 15,Community,8,166,2320,Yes,No,No,3.8,15559,1999
MALL000923,Lulu Mall,Karnataka,Bengaluru,Sector 63,Regional,3,417,899,No,Yes,Yes,4.7,6212,2015
MALL000924,DLF Mall of India,Maharashtra,Mumbai,Sector 20,Regional,7,436,1123,Yes,Yes,Yes,5.0,10460,2006
MALL000925,Grand Square Mall,Tamil Nadu,Chennai,Sector 18,Premium,3,75,1296,Yes,Yes,Yes,4.3,34909,2021
MALL000926,DLF Mall of India,Telangana,Hyderabad,Sector 71,Luxury,6,204,318,Yes,No,No,4.5,15986,2008
MALL000927,Phoenix Marketcity,Maharashtra,Pune,Sector 50,Luxury,2,334,1484,Yes,Yes,Yes,4.2,34973,2020
MALL000928,Royal Mall,Delhi,New Delhi,Sector 71,Luxury,7,342,1565,Yes,Yes,Yes,4.4,16598,2002
MALL000929,City Centre Mall,Tamil Nadu,Chennai,Sector 37,Regional,8,257,2462,No,Yes,No,3.8,29068,2021
MALL000930,VR Mall,Tamil Nadu,Chennai,Sector 42,Regional,7,346,2647,No,No,No,3.5,3137,2006
MALL000931,Metro Plaza,Tamil Nadu,Chennai,Sector 68,Premium,6,77,508,Yes,Yes,Yes,4.0,19775,2020
MALL000932,Grand Square Mall,Karnataka,Bengaluru,Sector 60,Regional,7,91,1177,No,No,Yes,3.8,31568,2006
MALL000933,Grand Square Mall,Karnataka,Bengaluru,Sector 61,Regional,5,113,1140,Yes,Yes,Yes,4.7,7699,1999
MALL000934,Metro Plaza,Delhi,New Delhi,Sector 47,Luxury,2,298,235,Yes,No,No,4.9,23420,2007
MALL000935,Metro Plaza,Telangana,Hyderabad,Sector 46,Premium,6,346,1107,Yes,No,No,4.6,47634,2017
MALL000936,Royal Mall,Telangana,Hyderabad,Sector 21,Regional,2,113,2182,Yes,No,Yes,3.6,41455,2013
MALL000937,Ambience Mall,Karnataka,Bengaluru,Sector 52,Community,5,472,2250,No,Yes,Yes,4.5,10517,2020
MALL000938,Ambience Mall,Maharashtra,Mumbai,Sector 34,Luxury,8,486,905,Yes,Yes,No,4.9,14121,2018
MALL000939,Royal Mall,Tamil Nadu,Chennai,Sector 9,Community,4,316,2599,Yes,Yes,Yes,3.6,29827,2012
MALL000940,City Centre Mall,Karnataka,Bengaluru,Sector 1,Luxury,4,210,1340,No,No,No,4.9,2176,2022
MALL000941,Metro Plaza,Delhi,New Delhi,Sector 6,Regional,4,103,2925,No,No,No,3.6,4619,2024
MALL000942,DLF Mall of India,Delhi,New Delhi,Sector 49,Regional,2,244,1420,No,No,Yes,4.0,1877,1996
MALL000943,Metro Plaza,Telangana,Hyderabad,Sector 60,Luxury,8,437,2090,No,Yes,Yes,4.1,46871,2023
MALL000944,Urban Galleria,Maharashtra,Mumbai,Sector 65,Regional,8,484,1772,No,Yes,Yes,4.6,29241,2016
MALL000945,Ambience Mall,Tamil Nadu,Chennai,Sector 51,Luxury,6,404,438,No,Yes,Yes,4.5,15214,2005
MALL000946,City Centre Mall,Karnataka,Bengaluru,Sector 63,Community,5,132,2581,No,No,Yes,4.5,13706,2019
MALL000947,City Centre Mall,Tamil Nadu,Chennai,Sector 17,Luxury,6,455,2066,Yes,No,No,4.0,27130,2019
MALL000948,Metro Plaza,Tamil Nadu,Chennai,Sector 10,Community,7,213,653,No,Yes,Yes,3.6,36992,2025
MALL000949,Grand Square Mall,Maharashtra,Mumbai,Sector 34,Regional,2,434,1682,Yes,No,No,3.7,40561,2003
MALL000950,Urban Galleria,Maharashtra,Mumbai,Sector 57,Luxury,8,197,634,No,Yes,Yes,4.2,49367,2013
MALL000951,Urban Galleria,Karnataka,Bengaluru,Sector 71,Luxury,3,469,730,No,Yes,No,4.5,8354,2025
MALL000952,Royal Mall,Karnataka,Bengaluru,Sector 48,Premium,5,212,2352,No,No,No,4.0,3136,2018
MALL000953,DLF Mall of India,Telangana,Hyderabad,Sector 48,Premium,3,474,2649,Yes,No,Yes,4.9,32135,2016
MALL000954,Grand Square Mall,Telangana,Hyderabad,Sector 37,Regional,3,470,395,Yes,No,No,3.7,35527,2002
MALL000955,City Centre Mall,Maharashtra,Mumbai,Sector 39,Premium,5,405,2604,Yes,Yes,No,4.8,37824,2025
MALL000956,Royal Mall,Delhi,New Delhi,Sector 16,Premium,3,115,339,Yes,No,No,3.7,37964,2021
MALL000957,Metro Plaza,Delhi,New Delhi,Sector 78,Regional,6,360,2929,No,No,Yes,4.5,13877,2002
MALL000958,Metro Plaza,Delhi,New Delhi,Sector 37,Regional,2,174,1753,No,Yes,Yes,3.7,9656,2001
MALL000959,Royal Mall,Karnataka,Bengaluru,Sector 3,Premium,7,163,2142,Yes,No,Yes,4.7,11290,2010
MALL000960,Royal Mall,Tamil Nadu,Chennai,Sector 44,Luxury,7,214,2836,No,Yes,No,4.0,14341,2014
MALL000961,Urban Galleria,Maharashtra,Pune,Sector 69,Regional,8,305,268,Yes,Yes,No,4.8,23291,2000
MALL000962,Urban Galleria,Delhi,New Delhi,Sector 20,Community,3,189,2769,No,Yes,No,3.8,19336,1997
MALL000963,Phoenix Marketcity,Karnataka,Bengaluru,Sector 24,Community,3,115,538,No,No,No,4.6,35687,2015
MALL000964,VR Mall,Delhi,New Delhi,Sector 56,Regional,8,177,1606,Yes,No,No,4.5,21288,2013
MALL000965,Lulu Mall,Telangana,Hyderabad,Sector 73,Regional,5,471,780,No,No,No,4.2,38491,2008
MALL000966,City Centre Mall,Delhi,New Delhi,Sector 51,Community,2,160,2444,No,No,Yes,4.7,7863,2009
MALL000967,Urban Galleria,Karnataka,Bengaluru,Sector 78,Premium,8,299,1596,Yes,Yes,No,4.8,14217,2007
MALL000968,Ambience Mall,Delhi,New Delhi,Sector 79,Premium,2,426,998,No,No,No,4.2,49926,2015
MALL000969,Metro Plaza,Maharashtra,Mumbai,Sector 76,Premium,7,222,1309,No,No,No,4.7,39283,2015
MALL000970,Royal Mall,Tamil Nadu,Chennai,Sector 15,Community,6,408,2650,No,No,Yes,3.8,13388,2023
MALL000971,Urban Galleria,Delhi,New Delhi,Sector 75,Regional,5,472,2233,No,Yes,No,4.0,37382,2002
MALL000972,Ambience Mall,Tamil Nadu,Chennai,Sector 31,Community,6,140,595,Yes,Yes,Yes,4.4,29060,2014
MALL000973,Urban Galleria,Telangana,Hyderabad,Sector 11,Premium,8,342,693,No,No,No,4.0,20180,2006
MALL000974,Metro Plaza,Telangana,Hyderabad,Sector 30,Regional,8,75,556,Yes,No,Yes,3.9,36647,1996
MALL000975,Metro Plaza,Delhi,New Delhi,Sector 47,Community,8,206,1615,No,Yes,Yes,5.0,21751,2011
MALL000976,Metro Plaza,Maharashtra,Pune,Sector 33,Community,2,162,1500,Yes,No,No,4.4,43559,2006
MALL000977,Urban Galleria,Maharashtra,Mumbai,Sector 79,Community,4,307,518,Yes,No,No,4.2,2096,2010
MALL000978,Royal Mall,Telangana,Hyderabad,Sector 4,Luxury,4,467,1827,Yes,Yes,Yes,4.7,14823,2011
MALL000979,Metro Plaza,Delhi,New Delhi,Sector 5,Luxury,8,275,1682,Yes,Yes,No,4.8,32185,2009
MALL000980,Ambience Mall,Telangana,Hyderabad,Sector 58,Premium,3,210,817,No,No,No,4.6,8886,2023
MALL000981,Royal Mall,Maharashtra,Mumbai,Sector 41,Premium,8,264,2673,No,Yes,No,4.5,28793,2012
MALL000982,VR Mall,Telangana,Hyderabad,Sector 67,Regional,2,357,652,No,No,Yes,4.2,24220,2017
MALL000983,VR Mall,Karnataka,Bengaluru,Sector 79,Community,7,322,1567,Yes,Yes,Yes,4.6,25025,2021
MALL000984,Grand Square Mall,Telangana,Hyderabad,Sector 37,Premium,4,407,1242,Yes,Yes,Yes,4.9,44648,2022
MALL000985,DLF Mall of India,Delhi,New Delhi,Sector 75,Community,3,351,1072,No,No,Yes,3.8,46959,2005
MALL000986,Grand Square Mall,Delhi,New Delhi,Sector 25,Community,2,187,2231,No,Yes,No,4.5,22313,2004
MALL000987,City Centre Mall,Maharashtra,Mumbai,Sector 44,Luxury,3,96,1207,Yes,Yes,No,4.3,39136,2014
MALL000988,Grand Square Mall,Telangana,Hyderabad,Sector 7,Regional,7,192,2428,No,No,Yes,4.7,15570,2006
MALL000989,Metro Plaza,Telangana,Hyderabad,Sector 40,Luxury,2,385,757,Yes,No,Yes,5.0,27905,2008
MALL000990,Urban Galleria,Tamil Nadu,Chennai,Sector 75,Community,3,342,1234,Yes,No,Yes,4.2,29561,2003
MALL000991,Metro Plaza,Tamil Nadu,Chennai,Sector 40,Luxury,7,293,2562,No,No,Yes,3.7,5828,2003
MALL000992,City Centre Mall,Tamil Nadu,Chennai,Sector 23,Luxury,7,435,2258,Yes,No,No,4.8,38838,2016
MALL000993,City Centre Mall,Telangana,Hyderabad,Sector 37,Luxury,6,395,1649,No,Yes,No,4.0,34751,2023
MALL000994,Urban Galleria,Tamil Nadu,Chennai,Sector 69,Premium,7,177,263,No,Yes,Yes,4.8,5190,1999
MALL000995,Urban Galleria,Karnataka,Bengaluru,Sector 40,Luxury,5,56,2027,No,No,Yes,3.9,16106,2015
MALL000996,City Centre Mall,Delhi,New Delhi,Sector 13,Premium,5,213,2867,No,Yes,Yes,4.7,46875,2006
MALL000997,Royal Mall,Karnataka,Bengaluru,Sector 48,Premium,8,420,861,No,No,Yes,4.8,43276,2018
MALL000998,Royal Mall,Delhi,New Delhi,Sector 29,Luxury,8,217,1076,No,No,Yes,4.5,10328,2014
MALL000999,Lulu Mall,Telangana,Hyderabad,Sector 73,Premium,5,93,2043,Yes,No,No,4.2,1098,1999
MALL001000,Phoenix Marketcity,Maharashtra,Pune,Sector 61,Premium,6,309,2712,Yes,Yes,No,3.6,24680,2017
