model,regime,MAE_INR_mean,MAE_INR_std,RMSE_INR_mean,RMSE_INR_std,R2_INR_mean,R2_INR_std,MAPE_percent_mean,MAPE_percent_std,MedAPE_percent_mean,MedAPE_percent_std,MAE_log_mean,MAE_log_std,RMSE_log_mean,RMSE_log_std,R2_log_mean,R2_log_std
Ridge,random,6424188.234924371,60269.33896238368,22877471.89674763,1009963.0301063936,0.10059330344512366,0.01304635665922847,53.757722766180464,0.8528794436463749,33.549282855708,0.4619881764935786,0.47774565261834906,0.005380441554213527,0.6718788512482317,0.00711551332578803,0.3296036335930994,0.012784640537258068
Ridge,location_grouped,7265955.381517688,1007968.6024691423,23209096.596365087,6199027.089454564,0.061768194738217194,0.027668488303430435,71.25295684305584,7.444045055473068,45.384719521285966,1.588221129861793,0.5692884311789176,0.015968277295830766,0.7466520586946961,0.01533903892003452,0.16898102101076473,0.047302534693262566
RandomForest,random,6393401.503566515,57661.602212796555,22821826.78403101,1019963.9121836185,0.10500640901059213,0.011432844929716227,53.00556092283853,1.073483303163497,33.88799675293804,0.722930531502511,0.4813547121698517,0.00693119545733465,0.6713012114608601,0.007734696785117367,0.3308207166026361,0.008543405869534705
RandomForest,location_grouped,6790467.855482538,1010099.356584853,23178559.24901717,6155138.939906,0.06383905621474753,0.01928786609423516,60.48152442890464,6.1751748785851515,37.76708755838668,2.5157419815838034,0.5170681626109932,0.023771278902600623,0.7061221532798474,0.025333349647444825,0.2575722241864761,0.03585173710590456
LightGBM,random,6565300.251237718,107614.09263130401,22650910.202594925,971576.967870425,0.11823932728408573,0.013086617642542306,54.658977082132004,1.143190761545689,35.656100169665415,0.6734538387204393,0.47983450567016844,0.005411933019820667,0.6668330732997914,0.006911545578071158,0.3396618281939062,0.010519894080437691
LightGBM,location_grouped,7467731.280771556,849597.0860144267,23311262.21378337,6001040.730204597,0.05019914554404019,0.01908286921640608,70.05401502575037,8.588700708279159,45.31897527189129,3.4349440622642073,0.5579342641940152,0.024711826353904554,0.7379172557730225,0.022556365566961004,0.1877662083463297,0.06180697308112979
CatBoost,random,6240437.481920294,67113.99658073433,22634023.777381733,898102.6196727544,0.11932572570814079,0.016306438822925744,50.956834066266325,1.029613129743928,32.52429572583029,0.7431285988859431,0.4657921401328616,0.007832583257197335,0.6544503120299117,0.008901202099581411,0.3639926063850847,0.010551447342882513
CatBoost,location_grouped,6743351.743594123,1029866.6887746933,23175858.806298446,6209107.950750831,0.06496538777107141,0.02371612306411592,59.350314196304495,6.0891855996193724,37.29359565285143,2.3121902773925043,0.5127734065993822,0.024096775129013207,0.7012897102728253,0.02649717091265953,0.26768644207619074,0.03782751359129758
XGBoost,random,6104839.67362207,75522.7303283025,22526293.983545266,1013867.8201756557,0.12798496257326225,0.016853653621267405,50.49080566180662,1.1422774451946394,30.524042583055802,0.5713040980136792,0.453135846650215,0.006376243279354694,0.6501351386735057,0.008179310688423876,0.3723462324805725,0.009798988439111742
XGBoost,location_grouped,6915119.582673969,959890.2844415017,23066011.18852285,6199252.545183038,0.07385445495270379,0.028728533795474714,64.81594237336853,8.797335940692525,38.933803671888064,2.7274321128678536,0.5273667212583246,0.027923946481371437,0.7168307451146095,0.02739014342957635,0.23395717396039473,0.057533464568141894
