model,regime,fold,train_rows,valid_rows,fit_seconds,predict_seconds,MAE_INR,RMSE_INR,R2_INR,MAPE_percent,MedAPE_percent,MAE_log,RMSE_log,R2_log,source
Ridge,random,1,22718,5680,1.374,0.069,6395964.8949882,21876246.55437782,0.10969819535517333,54.465723799524326,34.280123474651724,0.4853908158779194,0.6758928109417338,0.3272932051122579,
Ridge,random,2,22718,5680,1.178,0.051,6471443.299717815,23512518.853387367,0.10293830913245006,53.583452115089,33.21301415869332,0.47490275039865915,0.6718195908720869,0.3452899553585289,
Ridge,random,3,22718,5680,1.087,0.109,6466251.663274644,24322878.227632307,0.10380846821954348,53.31479493417851,33.17920352148514,0.47090754918764954,0.6621482760645846,0.33115344540366454,
Ridge,random,4,22719,5679,1.104,0.099,6456347.651282948,22300451.205368746,0.07785683983531366,52.66884891292909,33.350933100113394,0.47922940926107693,0.6808922389986808,0.31012830604176045,
Ridge,random,5,22719,5679,1.11,0.088,6330933.665358249,22375264.64297191,0.10866470468313771,54.75579406918138,33.72314002359641,0.47829773836644024,0.6686413393640723,0.33415325604928503,
Ridge,location_grouped,1,23540,4858,1.247,0.047,6722388.496579192,21209409.19836946,0.044611676264413536,65.76693280339421,43.85966631607463,0.546584719420541,0.7254794716519771,0.1928210957809433,
Ridge,location_grouped,2,22693,5705,1.159,0.045,6402642.65200748,18557589.045206796,0.10273437107737937,74.8217558828392,46.48712660437664,0.5670989592840695,0.7367389059287862,0.1299239622465277,
Ridge,location_grouped,3,23384,5014,1.381,0.052,8783647.791128589,32642513.013058968,0.030873656446924747,61.012531957872696,44.048509331965924,0.5648331047732823,0.7517127964419253,0.24114110281059398,
Ridge,location_grouped,4,21409,6989,0.888,0.055,6613180.17032899,17621752.32542089,0.07272808021346766,77.49289294069798,44.99598929935904,0.5790041708215531,0.7557700772549379,0.1367691145012041,
Ridge,location_grouped,5,22566,5832,1.094,0.055,7807917.797544192,26014219.399769325,0.05789318968890067,77.17067063047514,47.53230605465359,0.5889212015951418,0.7635590421958536,0.14424982971455458,
RandomForest,random,1,22718,5680,55.239,0.546,6342360.447251699,22039889.300160386,0.09632877702082143,53.59853707096529,34.87968535804907,0.4893627510308859,0.6769926176546905,0.32510217903994276,
RandomForest,random,2,22718,5680,58.609,0.444,6485949.549347443,23397178.728208967,0.11171775384841054,53.61379631024072,34.055995698171664,0.4825874941365404,0.6752166504608765,0.338652125426924,
RandomForest,random,3,22718,5680,67.005,0.63,6370316.261400142,24350975.226824664,0.10173676961240141,51.72151744146735,32.88670384776983,0.47023420192823023,0.65863114297552,0.3382399991331869,
RandomForest,random,4,22719,5679,70.407,0.626,6410897.393841899,22105918.58148488,0.09387485736599643,51.989693494237166,33.98728243326161,0.4830311299938472,0.6764630480662212,0.31907431850512,
RandomForest,random,5,22719,5679,69.945,0.651,6357483.865991392,22215172.083476167,0.12137388720533082,54.10426029728212,33.63031642743796,0.4815579837597547,0.6692025981469922,0.33303496090800644,
RandomForest,location_grouped,1,23540,4858,75.098,0.619,6372670.157436808,21052727.64897824,0.05867513348628761,57.73619535895976,36.08588646688954,0.5000800805567875,0.6936205209085594,0.26215793070137206,
RandomForest,location_grouped,2,22693,5705,81.593,0.782,5725893.210905094,18757373.503039848,0.08331108820761968,57.983202777368504,34.49932371369636,0.48635860585929436,0.6687806821309342,0.2830358533047118,
RandomForest,location_grouped,3,23384,5014,87.445,0.749,8261672.457222789,32532899.92044579,0.03737135336031905,53.04102666596031,37.95107221715776,0.5200522495122318,0.722421061017114,0.29912924130951124,
RandomForest,location_grouped,4,21409,6989,80.956,0.868,6244316.5489943735,17530331.85103337,0.08232437261741699,65.60953977638363,39.68873914610885,0.5362573402384979,0.7131943231010405,0.23128856860114289,
RandomForest,location_grouped,5,22566,5832,81.102,0.858,7347786.902853624,26019463.32158862,0.0575133334020943,68.03765756585096,40.61041624808088,0.5425925368881541,0.7325941792415885,0.21224952701564237,
LightGBM,random,1,22718,5680,13.524,0.366,6403116.6508843545,21708005.71893434,0.12333939769432867,54.1530428108873,36.19059057729558,0.484257004504376,0.6695368430621661,0.3398857309167448,
LightGBM,random,2,22718,5680,14.069,0.398,6677627.187952786,23246650.844552767,0.1231106765934723,55.840330566853154,36.44715152476874,0.4828629844891337,0.6700988375438728,0.34863952036705437,
LightGBM,random,3,22718,5680,11.776,0.33,6582606.034282976,24055025.790122226,0.12343816342601355,53.5625700489951,34.7729463214718,0.47088276068605234,0.6576124269265171,0.3402855269963756,
LightGBM,random,4,22719,5679,13.514,0.328,6638903.872891947,22092791.787959196,0.09495067659053613,53.80053433060487,35.32331813900712,0.4824777716084125,0.6748927990773809,0.32223186537154025,
LightGBM,random,5,22719,5679,11.958,0.377,6524247.510176532,22152076.8714061,0.126357722116078,55.93840765331959,35.54649428578384,0.4786920070628678,0.6620244598890199,0.3472664973178162,
LightGBM,location_grouped,1,23540,4858,11.489,0.281,7077897.813499228,21385769.823736995,0.02865711503665358,65.28645268872694,44.81110214685211,0.5447512705832133,0.7289608359735577,0.18505567626298702,
LightGBM,location_grouped,2,22693,5705,10.76,0.358,6484275.826630519,18782533.044960197,0.08085030223576095,70.55742536658684,44.74777259277429,0.5408493384470713,0.7096285217654544,0.19277960954186724,
LightGBM,location_grouped,3,23384,5014,12.696,0.341,8534441.541434294,32398244.099027198,0.04532362882491392,58.21358623420467,40.15207887664823,0.5346410365481338,0.7288548968940379,0.2865898307362471,
LightGBM,location_grouped,4,21409,6989,10.841,0.398,7081002.067967792,17884280.06896342,0.044893397618949726,79.15643200125967,47.99015803231643,0.5848540323907128,0.7615007614336499,0.12362845475787132,
LightGBM,location_grouped,5,22566,5832,14.242,0.37,8161039.154325951,26105484.032229025,0.05127128400392278,77.0561788379737,48.893764710865405,0.5845756430009447,0.760641262798413,0.15077747043267586,
CatBoost,random,1,22718,5680,25.779,0.248,6234521.047507001,21862438.77726589,0.11082171618354753,51.892376715831176,33.6262093199044,0.47629395706042216,0.6619928339417308,0.3546776054806057,
CatBoost,random,2,22718,5680,27.876,0.261,6332913.049448458,23230132.656744607,0.12435640239856183,51.61556768221921,32.1233024421039,0.4664938914362708,0.6588002150425329,0.3704196854014644,
CatBoost,random,3,22718,5680,28.031,0.233,6198396.668205347,23921364.82289256,0.13315227474963398,49.925787024366706,31.628561750958074,0.45424500461380085,0.6409946872806161,0.3732059735125237,
CatBoost,random,4,22719,5679,22.886,0.243,6275936.650465793,22090242.04508232,0.09515956914920132,49.75067330091908,32.54221752853779,0.466745419239338,0.660655871198308,0.3505254232016022,
CatBoost,random,5,22719,5679,22.223,0.23,6160419.993974871,22065940.584923297,0.13313866605975933,51.59976560799543,32.70118758764728,0.46518242831447576,0.6498079526863705,0.37113434432922743,
CatBoost,location_grouped,1,23540,4858,21.16,0.159,6321651.696001041,20918339.553470924,0.0706544929934505,56.821738419166465,36.550388898963114,0.49985459625508755,0.6896122669808694,0.27066088898811735,
CatBoost,location_grouped,2,22693,5705,21.799,0.36,5649897.608073495,18735733.99795647,0.08542495047408627,56.454952214001466,34.02448334857148,0.4791624207812412,0.661624231665946,0.29829785538332787,
CatBoost,location_grouped,3,23384,5014,21.461,0.251,8236333.410787807,32536319.59414301,0.03716897061037627,52.18156062051275,36.854305683399666,0.514471861384939,0.7172536005038366,0.3091200046468692,
CatBoost,location_grouped,4,21409,6989,21.664,0.28,6188845.9926129365,17471953.326606125,0.08842617917079132,64.45147300938689,39.37098043448444,0.5321712200504689,0.7085388319962431,0.24129158951433194,
CatBoost,location_grouped,5,22566,5832,20.731,0.179,7320030.01049534,26216947.55931572,0.04315234560665271,66.84184671845493,39.66781989883844,0.5382069345251743,0.7294196202172316,0.21906187184830717,
XGBoost,random,1,22718,5680,,,6073823.356358195,21704525.3671314,0.12362047765749107,51.21345738399149,31.344048503693266,0.46241495835386587,0.6564404519189948,0.36545732990243796,V2.1 anchor (not retrained)
XGBoost,random,2,22718,5680,,,6196552.092811453,23196493.05609779,0.12689060859562729,51.20417676047479,30.185745107592922,0.4534013688966265,0.6553118828552048,0.3770692609489882,V2.1 anchor (not retrained)
XGBoost,random,3,22718,5680,,,6087406.803209274,23983680.2157153,0.12863009839611894,49.38109911041743,29.947179230964615,0.4446109157523737,0.6392301374902057,0.3766521391731955,V2.1 anchor (not retrained)
XGBoost,random,4,22719,5679,,,6161316.293166139,21946488.75124811,0.10689783452355994,49.122787073089405,30.27045559413851,0.4539025438673119,0.6562483013494089,0.35916246328381973,V2.1 anchor (not retrained)
XGBoost,random,5,22719,5679,,,6005099.82256529,21800282.52753373,0.15388579369351407,51.53250798105999,30.872784478889702,0.4513494463808967,0.6434449197537143,0.38338996909442136,V2.1 anchor (not retrained)
XGBoost,location_grouped,1,23540,4858,,,6421619.827906913,21037518.86942471,0.060034694246189235,59.3132221647625,37.01664072722889,0.5069983481058915,0.6988162057200916,0.25106266226492047,V2.1 anchor (not retrained)
XGBoost,location_grouped,2,22693,5705,,,5836111.5176966665,18430930.42073979,0.11494054745005688,62.75887924427212,36.93696608129136,0.50061293777759,0.6814055105003403,0.25571154708654376,V2.1 anchor (not retrained)
XGBoost,location_grouped,3,23384,5014,,,8228930.0653969105,32505299.975859754,0.03900399154552314,54.35635845741197,36.89932923807477,0.5142793261033033,0.7169918401159074,0.30962418340858044,V2.1 anchor (not retrained)
XGBoost,location_grouped,4,21409,6989,,,6535451.119932755,17484604.600787662,0.08710557746813474,75.11196701179955,42.26956995953237,0.5589675950362848,0.7424517081389896,0.16692518424913994,V2.1 anchor (not retrained)
XGBoost,location_grouped,5,22566,5832,,,7553485.382436594,25871702.075802308,0.06818746405361498,72.53928498859653,41.546512353312906,0.5559753992685534,0.7444884610977182,0.18646229279278914,V2.1 anchor (not retrained)
