Model,Metric,Metric key,Better direction,Random mean,Random std,Grouped mean,Grouped std,Absolute change,Relative change (%),Relative change is meaningful,Welch SE of change,Welch df,Change 95% CI low,Change 95% CI high,Unit kind
Ridge,MAE (INR),MAE_INR,lower_is_better,6424188.234924371,60269.33896238368,7265955.381517688,1007968.6024691424,841767.1465933165,13.103089694930556,True,451582.3505812774,4.028601136024298,-408523.7580684833,2092058.0512551162,inr
Random Forest,MAE (INR),MAE_INR,lower_is_better,6393401.503566515,57661.60221279656,6790467.855482538,1010099.356584853,397066.35191602353,6.210564934714688,True,452465.5943920777,4.026069373703057,-855978.0378296927,1650110.7416617398,inr
LightGBM,MAE (INR),MAE_INR,lower_is_better,6565300.251237718,107614.092631304,7467731.280771556,849597.0860144267,902431.0295338379,13.745464716007586,True,382987.2064435218,4.12831885564896,-148003.0528995169,1952865.1119671927,inr
CatBoost,MAE (INR),MAE_INR,lower_is_better,6240437.481920294,67113.99658073433,6743351.743594123,1029866.6887746932,502914.2616738286,8.058958416471034,True,461547.32914074796,4.033973972832342,-774301.4457751806,1780129.9691228378,inr
XGBoost,MAE (INR),MAE_INR,lower_is_better,6104839.67362207,75522.7303283025,6915119.582673969,959890.2844415016,810279.9090518989,13.272746744733933,True,430602.6105265569,4.049520556663954,-379520.7237721458,2000080.5418759435,inr
Ridge,RMSE (INR),RMSE_INR,lower_is_better,22877471.89674763,1009963.0301063936,23209096.596365087,6199027.089454564,331624.69961745664,1.4495688208652198,True,2808841.8317154567,4.212201273627131,-7314445.172792275,7977694.572027189,inr
Random Forest,RMSE (INR),RMSE_INR,lower_is_better,22821826.78403101,1019963.9121836184,23178559.24901717,6155138.939906,356732.4649861604,1.5631196764484026,True,2790199.3388180733,4.219511122543675,-7233722.059007342,7947186.988979663,inr
LightGBM,RMSE (INR),RMSE_INR,lower_is_better,22650910.202594925,971576.967870425,23311262.21378337,6001040.730204597,660352.0111884438,2.915344263352352,True,2718692.7612391515,4.209552559944295,-6742042.591192679,8062746.613569566,inr
CatBoost,RMSE (INR),RMSE_INR,lower_is_better,22634023.777381733,898102.6196727544,23175858.80629845,6209107.950750831,541835.0289167166,2.3938961726203294,True,2805694.561406863,4.167299036065677,-7126224.331450655,8209894.389284088,inr
XGBoost,RMSE (INR),RMSE_INR,lower_is_better,22526293.983545262,1013867.8201756557,23066011.18852285,6199252.545183038,539717.2049775869,2.395943182539627,True,2809222.6709802165,4.213827426937359,-7106297.3055024715,8185731.715457645,inr
Ridge,R²,R2_INR,higher_is_better,0.1005933034451236,0.0130463566592284,0.0617681947382171,0.0276684883034304,-0.0388251087069065,,False,0.013680297270723748,5.6948957137164244,-0.0727391578582817,-0.004911059555531311,unit
Random Forest,R²,R2_INR,higher_is_better,0.1050064090105921,0.0114328449297162,0.0638390562147475,0.0192878660942351,-0.0411673527958446,,False,0.010027280006622745,6.501944440919158,-0.06525130937773067,-0.01708339621395853,unit
LightGBM,R²,R2_INR,higher_is_better,0.1182393272840857,0.0130866176425423,0.0501991455440401,0.019082869216406,-0.06804018174004561,,False,0.01034809604567483,7.080915284341714,-0.09245297132435791,-0.043627392155733316,unit
CatBoost,R²,R2_INR,higher_is_better,0.1193257257081407,0.0163064388229257,0.0649653877710714,0.0237161230641159,-0.054360337937069306,,False,0.012871320369551124,7.091147730320266,-0.08471704713811373,-0.02400362873602488,unit
XGBoost,R²,R2_INR,higher_is_better,0.1279849625732622,0.0168536536212674,0.0738544549527037,0.0287285337954747,-0.0541305076205585,,False,0.014895464372911586,6.46170471840222,-0.08995631985406446,-0.018304695387052546,unit
Ridge,MAPE (%),MAPE_percent,lower_is_better,53.757722766180464,0.8528794436463749,71.25295684305584,7.444045055473068,17.495234076875377,32.54459671398471,True,3.35085690930865,4.1049959306652255,8.284863461416538,26.705604692334216,percent
Random Forest,MAPE (%),MAPE_percent,lower_is_better,53.00556092283853,1.073483303163497,60.48152442890464,6.175174878585152,7.475963506066115,14.104111674148786,True,2.803039463984764,4.241538085154496,-0.13481767397035327,15.086744686102584,percent
LightGBM,MAPE (%),MAPE_percent,lower_is_better,54.658977082132,1.143190761545689,70.05401502575037,8.588700708279159,15.395037943618377,28.165616638755225,True,3.874859093533037,4.141689009967474,4.780311955535208,26.009763931701546,percent
CatBoost,MAPE (%),MAPE_percent,lower_is_better,50.956834066266325,1.029613129743928,59.350314196304495,6.0891855996193724,8.39348013003817,16.471745711523113,True,2.7618212999234046,4.228541377318024,0.8861474100456306,15.90081285003071,percent
XGBoost,MAPE (%),MAPE_percent,lower_is_better,50.49080566180662,1.1422774451946394,64.81594237336853,8.797335940692525,14.32513671156191,28.37177288774786,True,3.9673143917567417,4.134836481619722,3.450330523221309,25.19994289990251,percent
Ridge,MedAPE (%),MedAPE_percent,lower_is_better,33.549282855708,0.4619881764935786,45.384719521285966,1.588221129861793,11.835436665577966,35.277763511312465,True,0.7397133813254068,4.672096352267759,9.893093315077838,13.777780016078093,percent
Random Forest,MedAPE (%),MedAPE_percent,lower_is_better,33.88799675293804,0.722930531502511,37.76708755838668,2.515741981583804,3.879090805448641,11.446798799378218,True,1.1706055075286215,4.656144534105356,0.8018691524880013,6.956312458409281,percent
LightGBM,MedAPE (%),MedAPE_percent,lower_is_better,35.656100169665415,0.6734538387204393,45.31897527189129,3.434944062264208,9.662875102225875,27.100201806272157,True,1.5653996795560827,4.307061297583708,5.436143970207081,13.88960623424467,percent
CatBoost,MedAPE (%),MedAPE_percent,lower_is_better,32.52429572583029,0.7431285988859431,37.29359565285143,2.3121902773925043,4.769299927021137,14.663806919063994,True,1.0861366390423086,4.81763872253503,1.9452077007750628,7.593392153267212,percent
XGBoost,MedAPE (%),MedAPE_percent,lower_is_better,30.5240425830558,0.5713040980136792,38.933803671888064,2.7274321128678536,8.409761088832266,27.5512690232604,True,1.2462162174125344,4.350333372062876,5.056877365962359,11.762644811702172,percent
Ridge,MAE (log1p INR),MAE_log,lower_is_better,0.477745652618349,0.0053804415542135,0.5692884311789176,0.0159682772958307,0.09154277856056858,19.161404830971488,True,0.007535715375660755,4.8967008477097,0.07204804605114806,0.1110375110699891,unit
Random Forest,MAE (log1p INR),MAE_log,lower_is_better,0.4813547121698517,0.0069311954573346,0.5170681626109932,0.0237712789026006,0.03571345044114149,7.419362382504231,True,0.011073528535503037,4.6752636363046856,0.006642948484993159,0.06478395239728982,unit
LightGBM,MAE (log1p INR),MAE_log,lower_is_better,0.4798345056701684,0.0054119330198206,0.5579342641940152,0.0247118263539045,0.07809975852384676,16.276394798820796,True,0.011313384822912666,4.382813506371697,0.047741747318984035,0.10845776972870949,unit
CatBoost,MAE (log1p INR),MAE_log,lower_is_better,0.4657921401328616,0.0078325832571973,0.5127734065993822,0.0240967751290132,0.04698126646652062,10.08631585177023,True,0.011331407080315811,4.835912788212149,0.017553158640955073,0.07640937429208616,unit
XGBoost,MAE (log1p INR),MAE_log,lower_is_better,0.453135846650215,0.0063762432793546,0.5273667212583246,0.0279239464813714,0.07423087460810962,16.381593987069838,True,0.012809397061938621,4.415993994148661,0.039949380958279886,0.10851236825793936,unit
Ridge,RMSE (log1p INR),RMSE_log,lower_is_better,0.6718788512482317,0.007115513325788,0.7466520586946961,0.0153390389200345,0.07477320744646443,11.12897173464369,True,0.0075619659464956565,5.645309717819457,0.05598424904305535,0.09356216584987351,unit
Random Forest,RMSE (log1p INR),RMSE_log,lower_is_better,0.6713012114608601,0.0077346967851173,0.7061221532798474,0.0253333496474448,0.03482094181898732,5.187081629602799,True,0.01184570925455623,4.739322240001289,0.0038598517528886725,0.06578203188508597,unit
LightGBM,RMSE (log1p INR),RMSE_log,lower_is_better,0.6668330732997914,0.0069115455780711,0.7379172557730225,0.022556365566961,0.07108418247323112,10.659966537273634,True,0.010550441600882287,4.744544299701625,0.04351826139541151,0.09865010355105072,unit
CatBoost,RMSE (log1p INR),RMSE_log,lower_is_better,0.6544503120299117,0.0089012020995814,0.7012897102728253,0.0264971709126595,0.04683939824291361,7.157059501985969,True,0.012500651704549497,4.8914407978264896,0.014489755302808716,0.0791890411830185,unit
XGBoost,RMSE (log1p INR),RMSE_log,lower_is_better,0.6501351386735057,0.0081793106884238,0.7168307451146095,0.0273901434295763,0.06669560644110384,10.258729681522107,True,0.012783748123539712,4.707774365157697,0.03321082098418106,0.10018039189802662,unit
Ridge,R² (log space),R2_log,higher_is_better,0.3296036335930994,0.012784640537258,0.1689810210107647,0.0473025346932625,-0.1606226125823347,,False,0.021913360409002557,4.581282122910867,-0.2185370238480355,-0.10270820131663391,unit
Random Forest,R² (log space),R2_log,higher_is_better,0.3308207166026361,0.0085434058695347,0.2575722241864761,0.0358517371059045,-0.07324849241616005,,False,0.016482335012749195,4.452828196231273,-0.11723258936121733,-0.029264395471102767,unit
LightGBM,R² (log space),R2_log,higher_is_better,0.3396618281939062,0.0105198940804376,0.1877662083463297,0.0618069730811297,-0.15189561984757652,,False,0.02803843823366458,4.231565277485179,-0.22809116607609062,-0.07570007361906242,unit
CatBoost,R² (log space),R2_log,higher_is_better,0.3639926063850847,0.0105514473428825,0.2676864420761907,0.0378275135912975,-0.096306164308894,,False,0.017562766442274513,4.618696028092795,-0.14259710267861014,-0.05001522593917784,unit
XGBoost,R² (log space),R2_log,higher_is_better,0.3723462324805725,0.0097989884391117,0.2339571739603947,0.0575334645681418,-0.13838905852017783,,False,0.02610026712370382,4.23187083571034,-0.20931566174612545,-0.0674624552942302,unit
