model,regime,metric,space,mean,std,min,max,n_folds,std_ddof
XGBoost,random,MAE_INR,INR,6104839.67362207,75522.7303283025,6005099.82256529,6196552.092811453,5,1
XGBoost,random,RMSE_INR,INR,22526293.983545266,1013867.8201756557,21704525.3671314,23983680.2157153,5,1
XGBoost,random,R2_INR,INR,0.12798496257326225,0.016853653621267405,0.10689783452355994,0.15388579369351407,5,1
XGBoost,random,MAPE_percent,INR,50.49080566180662,1.1422774451946394,49.122787073089405,51.53250798105999,5,1
XGBoost,random,MedAPE_percent,INR,30.524042583055802,0.5713040980136792,29.947179230964615,31.344048503693266,5,1
XGBoost,random,MAE_log,log1p(price),0.453135846650215,0.006376243279354694,0.4446109157523737,0.46241495835386587,5,1
XGBoost,random,RMSE_log,log1p(price),0.6501351386735057,0.008179310688423876,0.6392301374902057,0.6564404519189948,5,1
XGBoost,random,R2_log,log1p(price),0.3723462324805725,0.009798988439111742,0.35916246328381973,0.38338996909442136,5,1
XGBoost,location_grouped,MAE_INR,INR,6915119.582673969,959890.2844415017,5836111.5176966665,8228930.0653969105,5,1
XGBoost,location_grouped,RMSE_INR,INR,23066011.18852285,6199252.545183038,17484604.600787662,32505299.975859754,5,1
XGBoost,location_grouped,R2_INR,INR,0.07385445495270379,0.028728533795474714,0.03900399154552314,0.11494054745005688,5,1
XGBoost,location_grouped,MAPE_percent,INR,64.81594237336853,8.797335940692525,54.35635845741197,75.11196701179955,5,1
XGBoost,location_grouped,MedAPE_percent,INR,38.933803671888064,2.7274321128678536,36.89932923807477,42.26956995953237,5,1
XGBoost,location_grouped,MAE_log,log1p(price),0.5273667212583246,0.027923946481371437,0.50061293777759,0.5589675950362848,5,1
XGBoost,location_grouped,RMSE_log,log1p(price),0.7168307451146095,0.02739014342957635,0.6814055105003403,0.7444884610977182,5,1
XGBoost,location_grouped,R2_log,log1p(price),0.23395717396039473,0.057533464568141894,0.16692518424913994,0.30962418340858044,5,1
Ridge,random,MAE_INR,INR,6424188.234924371,60269.33896238368,6330933.665358249,6471443.299717815,5,1
Ridge,random,RMSE_INR,INR,22877471.89674763,1009963.0301063936,21876246.55437782,24322878.227632307,5,1
Ridge,random,R2_INR,INR,0.10059330344512366,0.01304635665922847,0.07785683983531366,0.10969819535517333,5,1
Ridge,random,MAPE_percent,INR,53.757722766180464,0.8528794436463749,52.66884891292909,54.75579406918138,5,1
Ridge,random,MedAPE_percent,INR,33.549282855708,0.4619881764935786,33.17920352148514,34.280123474651724,5,1
Ridge,random,MAE_log,log1p(price),0.47774565261834906,0.005380441554213527,0.47090754918764954,0.4853908158779194,5,1
Ridge,random,RMSE_log,log1p(price),0.6718788512482317,0.00711551332578803,0.6621482760645846,0.6808922389986808,5,1
Ridge,random,R2_log,log1p(price),0.3296036335930994,0.012784640537258068,0.31012830604176045,0.3452899553585289,5,1
Ridge,location_grouped,MAE_INR,INR,7265955.381517688,1007968.6024691423,6402642.65200748,8783647.791128589,5,1
Ridge,location_grouped,RMSE_INR,INR,23209096.596365087,6199027.089454564,17621752.32542089,32642513.013058968,5,1
Ridge,location_grouped,R2_INR,INR,0.061768194738217194,0.027668488303430435,0.030873656446924747,0.10273437107737937,5,1
Ridge,location_grouped,MAPE_percent,INR,71.25295684305584,7.444045055473068,61.012531957872696,77.49289294069798,5,1
Ridge,location_grouped,MedAPE_percent,INR,45.384719521285966,1.588221129861793,43.85966631607463,47.53230605465359,5,1
Ridge,location_grouped,MAE_log,log1p(price),0.5692884311789176,0.015968277295830766,0.546584719420541,0.5889212015951418,5,1
Ridge,location_grouped,RMSE_log,log1p(price),0.7466520586946961,0.01533903892003452,0.7254794716519771,0.7635590421958536,5,1
Ridge,location_grouped,R2_log,log1p(price),0.16898102101076473,0.047302534693262566,0.1299239622465277,0.24114110281059398,5,1
RandomForest,random,MAE_INR,INR,6393401.503566515,57661.602212796555,6342360.447251699,6485949.549347443,5,1
RandomForest,random,RMSE_INR,INR,22821826.78403101,1019963.9121836185,22039889.300160386,24350975.226824664,5,1
RandomForest,random,R2_INR,INR,0.10500640901059213,0.011432844929716227,0.09387485736599643,0.12137388720533082,5,1
RandomForest,random,MAPE_percent,INR,53.00556092283853,1.073483303163497,51.72151744146735,54.10426029728212,5,1
RandomForest,random,MedAPE_percent,INR,33.88799675293804,0.722930531502511,32.88670384776983,34.87968535804907,5,1
RandomForest,random,MAE_log,log1p(price),0.4813547121698517,0.00693119545733465,0.47023420192823023,0.4893627510308859,5,1
RandomForest,random,RMSE_log,log1p(price),0.6713012114608601,0.007734696785117367,0.65863114297552,0.6769926176546905,5,1
RandomForest,random,R2_log,log1p(price),0.3308207166026361,0.008543405869534705,0.31907431850512,0.338652125426924,5,1
RandomForest,location_grouped,MAE_INR,INR,6790467.855482538,1010099.356584853,5725893.210905094,8261672.457222789,5,1
RandomForest,location_grouped,RMSE_INR,INR,23178559.24901717,6155138.939906,17530331.85103337,32532899.92044579,5,1
RandomForest,location_grouped,R2_INR,INR,0.06383905621474753,0.01928786609423516,0.03737135336031905,0.08331108820761968,5,1
RandomForest,location_grouped,MAPE_percent,INR,60.48152442890464,6.1751748785851515,53.04102666596031,68.03765756585096,5,1
RandomForest,location_grouped,MedAPE_percent,INR,37.76708755838668,2.5157419815838034,34.49932371369636,40.61041624808088,5,1
RandomForest,location_grouped,MAE_log,log1p(price),0.5170681626109932,0.023771278902600623,0.48635860585929436,0.5425925368881541,5,1
RandomForest,location_grouped,RMSE_log,log1p(price),0.7061221532798474,0.025333349647444825,0.6687806821309342,0.7325941792415885,5,1
RandomForest,location_grouped,R2_log,log1p(price),0.2575722241864761,0.03585173710590456,0.21224952701564237,0.29912924130951124,5,1
LightGBM,random,MAE_INR,INR,6565300.251237718,107614.09263130401,6403116.6508843545,6677627.187952786,5,1
LightGBM,random,RMSE_INR,INR,22650910.202594925,971576.967870425,21708005.71893434,24055025.790122226,5,1
LightGBM,random,R2_INR,INR,0.11823932728408573,0.013086617642542306,0.09495067659053613,0.126357722116078,5,1
LightGBM,random,MAPE_percent,INR,54.658977082132004,1.143190761545689,53.5625700489951,55.93840765331959,5,1
LightGBM,random,MedAPE_percent,INR,35.656100169665415,0.6734538387204393,34.7729463214718,36.44715152476874,5,1
LightGBM,random,MAE_log,log1p(price),0.47983450567016844,0.005411933019820667,0.47088276068605234,0.484257004504376,5,1
LightGBM,random,RMSE_log,log1p(price),0.6668330732997914,0.006911545578071158,0.6576124269265171,0.6748927990773809,5,1
LightGBM,random,R2_log,log1p(price),0.3396618281939062,0.010519894080437691,0.32223186537154025,0.34863952036705437,5,1
LightGBM,location_grouped,MAE_INR,INR,7467731.280771556,849597.0860144267,6484275.826630519,8534441.541434294,5,1
LightGBM,location_grouped,RMSE_INR,INR,23311262.21378337,6001040.730204597,17884280.06896342,32398244.099027198,5,1
LightGBM,location_grouped,R2_INR,INR,0.05019914554404019,0.01908286921640608,0.02865711503665358,0.08085030223576095,5,1
LightGBM,location_grouped,MAPE_percent,INR,70.05401502575037,8.588700708279159,58.21358623420467,79.15643200125967,5,1
LightGBM,location_grouped,MedAPE_percent,INR,45.31897527189129,3.4349440622642073,40.15207887664823,48.893764710865405,5,1
LightGBM,location_grouped,MAE_log,log1p(price),0.5579342641940152,0.024711826353904554,0.5346410365481338,0.5848540323907128,5,1
LightGBM,location_grouped,RMSE_log,log1p(price),0.7379172557730225,0.022556365566961004,0.7096285217654544,0.7615007614336499,5,1
LightGBM,location_grouped,R2_log,log1p(price),0.1877662083463297,0.06180697308112979,0.12362845475787132,0.2865898307362471,5,1
CatBoost,random,MAE_INR,INR,6240437.481920294,67113.99658073433,6160419.993974871,6332913.049448458,5,1
CatBoost,random,RMSE_INR,INR,22634023.777381733,898102.6196727544,21862438.77726589,23921364.82289256,5,1
CatBoost,random,R2_INR,INR,0.11932572570814079,0.016306438822925744,0.09515956914920132,0.13315227474963398,5,1
CatBoost,random,MAPE_percent,INR,50.956834066266325,1.029613129743928,49.75067330091908,51.892376715831176,5,1
CatBoost,random,MedAPE_percent,INR,32.52429572583029,0.7431285988859431,31.628561750958074,33.6262093199044,5,1
CatBoost,random,MAE_log,log1p(price),0.4657921401328616,0.007832583257197335,0.45424500461380085,0.47629395706042216,5,1
CatBoost,random,RMSE_log,log1p(price),0.6544503120299117,0.008901202099581411,0.6409946872806161,0.6619928339417308,5,1
CatBoost,random,R2_log,log1p(price),0.3639926063850847,0.010551447342882513,0.3505254232016022,0.3732059735125237,5,1
CatBoost,location_grouped,MAE_INR,INR,6743351.743594123,1029866.6887746933,5649897.608073495,8236333.410787807,5,1
CatBoost,location_grouped,RMSE_INR,INR,23175858.806298446,6209107.950750831,17471953.326606125,32536319.59414301,5,1
CatBoost,location_grouped,R2_INR,INR,0.06496538777107141,0.02371612306411592,0.03716897061037627,0.08842617917079132,5,1
CatBoost,location_grouped,MAPE_percent,INR,59.350314196304495,6.0891855996193724,52.18156062051275,66.84184671845493,5,1
CatBoost,location_grouped,MedAPE_percent,INR,37.29359565285143,2.3121902773925043,34.02448334857148,39.66781989883844,5,1
CatBoost,location_grouped,MAE_log,log1p(price),0.5127734065993822,0.024096775129013207,0.4791624207812412,0.5382069345251743,5,1
CatBoost,location_grouped,RMSE_log,log1p(price),0.7012897102728253,0.02649717091265953,0.661624231665946,0.7294196202172316,5,1
CatBoost,location_grouped,R2_log,log1p(price),0.26768644207619074,0.03782751359129758,0.21906187184830717,0.3091200046468692,5,1
