regime,fold,train_rows,valid_rows,MAE_INR,RMSE_INR,R2_INR,MAPE_percent,MedAPE_percent,MAE_log,RMSE_log,R2_log,model_path
random,1,22718,5680,6073823.356358195,21704525.3671314,0.12362047765749107,51.21345738399149,31.344048503693266,0.46241495835386587,0.6564404519189948,0.36545732990243796,models/valuation/v2_1/xgb_anchor_folds/random_fold1.joblib
random,2,22718,5680,6196552.092811453,23196493.05609779,0.12689060859562729,51.20417676047479,30.185745107592922,0.4534013688966265,0.6553118828552048,0.3770692609489882,models/valuation/v2_1/xgb_anchor_folds/random_fold2.joblib
random,3,22718,5680,6087406.803209274,23983680.2157153,0.12863009839611894,49.38109911041743,29.947179230964615,0.4446109157523737,0.6392301374902057,0.3766521391731955,models/valuation/v2_1/xgb_anchor_folds/random_fold3.joblib
random,4,22719,5679,6161316.293166139,21946488.75124811,0.10689783452355994,49.122787073089405,30.27045559413851,0.4539025438673119,0.6562483013494089,0.35916246328381973,models/valuation/v2_1/xgb_anchor_folds/random_fold4.joblib
random,5,22719,5679,6005099.82256529,21800282.52753373,0.15388579369351407,51.53250798105999,30.872784478889702,0.4513494463808967,0.6434449197537143,0.38338996909442136,models/valuation/v2_1/xgb_anchor_folds/random_fold5.joblib
location_grouped,1,23540,4858,6421619.827906913,21037518.86942471,0.060034694246189235,59.3132221647625,37.01664072722889,0.5069983481058915,0.6988162057200916,0.25106266226492047,models/valuation/v2_1/xgb_anchor_folds/location_grouped_fold1.joblib
location_grouped,2,22693,5705,5836111.5176966665,18430930.42073979,0.11494054745005688,62.75887924427212,36.93696608129136,0.50061293777759,0.6814055105003403,0.25571154708654376,models/valuation/v2_1/xgb_anchor_folds/location_grouped_fold2.joblib
location_grouped,3,23384,5014,8228930.0653969105,32505299.975859754,0.03900399154552314,54.35635845741197,36.89932923807477,0.5142793261033033,0.7169918401159074,0.30962418340858044,models/valuation/v2_1/xgb_anchor_folds/location_grouped_fold3.joblib
location_grouped,4,21409,6989,6535451.119932755,17484604.600787662,0.08710557746813474,75.11196701179955,42.26956995953237,0.5589675950362848,0.7424517081389896,0.16692518424913994,models/valuation/v2_1/xgb_anchor_folds/location_grouped_fold4.joblib
location_grouped,5,22566,5832,7553485.382436594,25871702.075802308,0.06818746405361498,72.53928498859653,41.546512353312906,0.5559753992685534,0.7444884610977182,0.18646229279278914,models/valuation/v2_1/xgb_anchor_folds/location_grouped_fold5.joblib
