regime,metric,space,mean,std,min,max,n_folds,std_ddof
random,MAE_INR,INR,6104839.67362207,75522.7303283025,6005099.82256529,6196552.092811453,5,1
random,RMSE_INR,INR,22526293.983545266,1013867.8201756557,21704525.3671314,23983680.2157153,5,1
random,R2_INR,INR,0.12798496257326225,0.016853653621267405,0.10689783452355994,0.15388579369351407,5,1
random,MAPE_percent,INR,50.49080566180662,1.1422774451946394,49.122787073089405,51.53250798105999,5,1
random,MedAPE_percent,INR,30.524042583055802,0.5713040980136792,29.947179230964615,31.344048503693266,5,1
random,MAE_log,log1p(price),0.453135846650215,0.006376243279354694,0.4446109157523737,0.46241495835386587,5,1
random,RMSE_log,log1p(price),0.6501351386735057,0.008179310688423876,0.6392301374902057,0.6564404519189948,5,1
random,R2_log,log1p(price),0.3723462324805725,0.009798988439111742,0.35916246328381973,0.38338996909442136,5,1
location_grouped,MAE_INR,INR,6915119.582673969,959890.2844415017,5836111.5176966665,8228930.0653969105,5,1
location_grouped,RMSE_INR,INR,23066011.18852285,6199252.545183038,17484604.600787662,32505299.975859754,5,1
location_grouped,R2_INR,INR,0.07385445495270379,0.028728533795474714,0.03900399154552314,0.11494054745005688,5,1
location_grouped,MAPE_percent,INR,64.81594237336853,8.797335940692525,54.35635845741197,75.11196701179955,5,1
location_grouped,MedAPE_percent,INR,38.933803671888064,2.7274321128678536,36.89932923807477,42.26956995953237,5,1
location_grouped,MAE_log,log1p(price),0.5273667212583246,0.027923946481371437,0.50061293777759,0.5589675950362848,5,1
location_grouped,RMSE_log,log1p(price),0.7168307451146095,0.02739014342957635,0.6814055105003403,0.7444884610977182,5,1
location_grouped,R2_log,log1p(price),0.23395717396039473,0.057533464568141894,0.16692518424913994,0.30962418340858044,5,1
